DELETE FROM ingrediente;
INSERT INTO ingrediente (id, nombre, valor_calorico) VALUES
  (1, 'Pan de hamburguesa', 40),
  (2, 'Ternera 75gr', 60),
  (3, 'Ternera 100gr', 100),
  (4, 'Ternera 200gr', 200),
  (5, 'Ternera 300gr', 300),
  (6, 'Mezcla especial carnes 100gr', 150),
  (7, 'Mezcla especial carnes 200gr', 300),
  (8, 'Mezcla especial carnes 300gr', 450),
  (9, 'Pollo marinado 75gr', 75),
  (10, 'Pollo marinado 150gr', 150),
  (11, 'Pollo empanado 150gr', 175),
  (12, 'Masa vegetal 125gr', 150),
  (13, 'Filete de pescado rebozado 100gr', 200),
  (14, 'Carne de costilla 100gr', 175),
  (15, 'Lámina de queso', 30),
  (16, 'Lámina de queso cheddar', 40),
  (17, 'Rulo de queso de cabra', 50),
  (18, 'Cebolla', 15),
  (19, 'Cebolla caramelizada', 50),
  (20, 'Cebolla frita', 40),
  (21, 'Lechuga', 5),
  (22, 'Tomate', 10),
  (23, 'Pepinillos', 35),
  (24, 'Salsa especial', 30),
  (25, 'Bacon', 20),
  (26, 'Lámina alternativa queso', 30);

DELETE FROM hamburguesa;
INSERT INTO hamburguesa (id, nombre, valor_calorico, precio, id_hamburgueseria) VALUES
	(1, 'Whopper', 0, 5.95, 1),
	(2, 'Whopper Vegetal', 0, 5.95, 1),
	(3, 'Whopper Jr.', 0, 3.95, 1),
	(4, 'Big King', 0, 5.95, 1),
	(5, 'Crispy Chicken', 0, 5.95, 1),
	(6, 'Bic Mac', 503, 4.75, 2),
	(7, 'Cuarto de Libra', 521, 4.75, 2),
	(8, 'McPollo', 427, 4.75, 2),
	(9, 'CBO', 619, 5.70, 2),
	(10, 'McFish', 331, 3.95, 2),
	(11, 'TGB Burguer', 762, 8.90, 3),
	(12, 'BBQ Burguer', 901, 8.90, 3),
	(13, 'Pollo Crunchy', 603, 8.90, 3),
	(14, '50 Shades', 592, 9.80, 3),
	(15, 'BLT Burguer', 635, 9.80, 3),
	(16, 'Smash', NULL, 15.40, 4),
	(17, 'Kevin Costner', NULL, 17.40, 4),
	(18, 'M-30', NULL, 12.40, 4),
	(19, 'Yankee', NULL, 17.90, 4),
	(20, 'Edami', NULL, 14.40, 4),
	(21, 'Famous Star', NULL, 8.95, 5),
	(22, 'Super Star', NULL, 8.95, 5),
	(23, 'The Big Carl', NULL, 8.95, 5),
	(24, 'Moving Mountains Famous Stars', NULL, 10.95, 5),
	(25, 'Bacon & Cheese Crispy Chicken', NULL, 10.45, 5);

DELETE FROM hamburguesa_ingrediente;
INSERT INTO hamburguesa_ingrediente (id_hamburguesa, id_ingrediente, cantidad) VALUES
(1,1,2),
(1,6,1),
(1,21,1),
(1,18,1),
(1,23,1),
(1,22,1),
(2,1,2),
(2,12,1),
(2,21,1),
(2,18,1),
(2,23,1),
(2,22,1),
(3,1,2),
(3,2,1),
(3,21,1),
(3,18,1),
(3,23,1),
(3,22,1),
(4,1,3),
(4,3,2),
(4,18,1),
(4,21,1),
(4,23,1),
(4,24,1),
(5,1,2),
(5,11,1),
(5,21,1),
(5,22,1),
(6,1,3),
(6,3,2),
(6,16,1),
(6,21,1),
(6,23,1),
(6,24,1),
(7,1,2),
(7,4,1),
(7,15,2),
(7,18,1),
(7,23,1),
(8,1,2),
(8,10,1),
(8,21,1),
(9,1,2),
(9,10,1),
(9,16,1),
(9,25,1),
(9,20,1),
(9,24,1),
(10,1,2),
(10,13,1),
(11,1,2),
(11,4,1),
(11,15,1),
(11,25,1),
(11,21,1),
(11,22,1),
(12,1,2),
(12,4,1),
(12,15,1),
(12,25,1),
(12,20,1),
(13,1,2),
(13,11,1),
(13,15,1),
(13,21,1),
(13,22,1),
(14,1,2),
(14,4,1),
(14,15,1),
(14,25,1),
(14,20,1),
(15,1,2),
(15,10,1),
(15,25,1),
(15,21,1),
(15,22,1),
(16,1,2),
(16,3,2),
(16,25,2),
(16,16,2),
(16,18,1),
(17,1,2),
(17,3,1),
(17,14,1),
(17,25,2),
(17,20,1),
(17,16,1),
(18,1,2),
(18,3,1),
(18,19,1),
(18,17,1),
(19,1,2),
(19,3,1),
(19,14,1),
(19,18,1),
(19,21,1),
(19,16,1),
(20,1,2),
(20,12,1),
(20,26,1),
(20,19,1),
(20,22,1),
(20,21,1),
(21,1,2),
(21,3,1),
(21,15,1),
(21,21,1),
(21,22,1),
(21,18,1),
(21,23,1),
(21,24,1),
(22,1,2),
(22,3,2),
(22,15,1),
(22,21,1),
(22,22,1),
(22,18,1),
(22,23,1),
(22,24,1),
(23,1,2),
(23,3,2),
(23,15,1),
(23,21,1),
(23,24,1),
(24,1,2),
(24,12,1),
(24,15,1),
(24,21,1),
(24,22,1),
(24,18,1),
(24,23,1),
(24,24,1),
(25,1,2),
(25,11,1),
(25,15,1),
(25,21,1),
(25,22,1),
(25,25,2),
(25,24,1);

DELETE FROM valoracion_hamburguesa;
INSERT INTO valoracion_hamburguesa (id, nombre_cliente, opinion, valoracion, fecha, id_hamburguesa) VALUES
	(1, 'Ignacio Parra Vila', 'Muy rica', 10, '2024-10-23', 2),
	(2, 'Isabel Revuelta Núñez', 'De lujo', 9, '2024-06-14', 3),
	(3, 'Santiago Domingo Casanova', 'De lujo', 9, '2024-07-06', 17),
	(4, 'Blanca Moro ', 'Me encanta', 10, '2024-11-26', 10),
	(5, 'David Sierra Vara', '¡Qué buena!', 9, '2024-06-16', 16),
	(6, 'Ricardo Valero Lozano', 'Rica rica', 9, '2024-12-16', 18),
	(7, 'Raquel Mustafa Giménez', 'Increible', 9, '2024-06-03', 21),
	(8, 'Soledad Melian ', 'De lujo', 9, '2024-04-25', 8),
	(9, 'Teresa Fuentes Sole', 'Espectacular', 9, '2024-01-10', 3),
	(10, 'Gloria Vega Prieto', '¡Increíble hulio!', 10, '2024-03-01', 1),
	(11, 'María Soledad Bernabéu Vega', 'Riquísima', 9, '2024-07-18', 9),
	(12, 'Gabriel Borras Sempere', 'Me encanta', 10, '2024-01-24', 2),
	(13, 'Elisa Mateo Rubio', '¡Qué buena!', 10, '2024-10-20', 3),
	(14, 'Claudia Expósito Ferreira', 'No me canso de comerla', 10, '2024-11-05', 3),
	(15, 'Borja Antolín Flores', 'Impresionante', 9, '2024-10-25', 5),
	(16, 'Raquel Esparza Vidal', '', 10, '2024-09-14', 11),
	(17, 'María Ángeles Lozano Prada', '¡Qué buena!', 10, '2024-12-28', 12),
	(18, 'Ignacio Abad Franco', 'Increible', 10, '2024-03-01', 14),
	(19, 'Claudia Aguilar Villar', 'Ummmm... deliciosa', 10, '2024-11-05', 8),
	(20, 'Santiago Afonso Abad', 'Muy buena', 10, '2024-01-26', 5),
	(21, 'María Ángeles Mas Peris', 'Rica rica', 10, '2024-05-27', 16),
	(22, 'Tomas Lahsen Santos', 'Muy buena', 9, '2024-08-17', 14),
	(23, 'Gabriel Hernando ', 'Increible', 9, '2024-04-25', 8),
	(24, 'Belén Kaddur ', 'Riquísima', 9, '2024-09-29', 17),
	(25, 'German Escribano ', 'Ummmm... deliciosa', 9, '2024-12-15', 16),
	(26, 'Irene Soria Alfaro', 'De lujo', 9, '2024-10-05', 17),
	(27, 'Begoña Cruz Gimeno', 'Muy buena', 10, '2024-09-06', 8),
	(28, 'Fernando Cobo Cruz', 'Impresionante', 10, '2024-09-17', 1),
	(29, 'Juan Antonio Blanco Ceballos', 'Impresionante', 9, '2024-02-01', 12),
	(30, 'Joel Lizarraga Melian', 'Me encanta', 9, '2024-02-14', 2),
	(31, 'María Teresa Herrera ', 'Ummmm... deliciosa', 9, '2024-11-21', 7),
	(32, 'Juan José Haddu Pascual', 'Rica rica', 10, '2024-09-27', 21),
	(33, 'Félix Hevia Quintas', 'De lujo', 9, '2024-03-12', 19),
	(34, 'David Rovira Armas', 'De lujo', 10, '2024-10-02', 15),
	(35, 'Ignacio Gonzalo ', 'No me canso de comerla', 10, '2024-04-09', 8),
	(36, 'Consuelo Sánchez ', 'Ummmm... deliciosa', 10, '2024-12-20', 10),
	(37, 'Marina Ramos Vaquero', 'Ummmm... deliciosa', 9, '2024-08-21', 24),
	(38, 'Rubén Merino Sáez', 'Ummmm... deliciosa', 10, '2024-02-23', 18),
	(39, 'Diego Maldonado Zabalza', 'Ummmm... deliciosa', 10, '2024-11-28', 14),
	(40, 'Josep Peña Crespo', 'Rica rica', 10, '2024-02-20', 24),
	(41, 'Mar Hernández Ochoa', 'Muy buena', 10, '2024-01-01', 22),
	(42, 'Raquel Arce ', 'Riquísima', 10, '2024-02-06', 22),
	(43, 'Ana Isabel Hamed ', 'Espectacular', 9, '2024-03-17', 24),
	(44, 'Sandra Ojeda ', 'Muy buena', 10, '2024-01-29', 24),
	(45, 'Eugenia Ferreiro ', 'Me encanta', 10, '2024-12-08', 6),
	(46, 'Susana Lizarraga Cortes', 'Increible', 10, '2024-10-26', 16),
	(47, 'Noelia Abdeselam Guillen', 'Muy buena', 9, '2024-11-21', 14),
	(48, 'Pilar Acosta Salgado', 'Muy buena', 10, '2024-11-12', 23),
	(49, 'Aurora Goñi Diaz', '', 9, '2024-03-03', 11),
	(50, 'Alfredo Zabalza Suarez', 'De lujo', 10, '2024-08-02', 18),
	(51, 'Emilio Quintero Ruiz', 'Impresionante', 9, '2024-07-20', 23),
	(52, 'Alicia Ferrero Yanes', 'Muy rica', 9, '2024-10-10', 7),
	(53, 'Roció Benito Arribas', 'Riquísima', 9, '2024-03-27', 21),
	(54, 'José Ignacio Sosa Yanes', 'Me encanta', 9, '2024-04-25', 9),
	(55, 'Catalina Cruz Casal', '¡Qué buena!', 9, '2024-08-27', 6),
	(56, 'Clara Rojas Abderrahaman', '¡Qué buena!', 10, '2024-06-14', 22),
	(57, 'Cristian Arenas ', 'Impresionante', 10, '2024-05-13', 7),
	(58, 'Irene Borras Prieto', 'Muy rica', 10, '2024-10-15', 19),
	(59, 'Juan Manuel Duran Vila', 'Riquísima', 9, '2024-01-12', 22),
	(60, 'Elisa Peláez ', '¡Increíble hulio!', 10, '2024-01-15', 14),
	(61, 'Aitor Gallego Salmerón', 'Espectacular', 9, '2024-03-16', 20),
	(62, 'Amparo Mora Alemán', 'Espectacular', 9, '2024-02-04', 24),
	(63, 'Luisa Sanchis ', 'Espectacular', 10, '2024-01-11', 18),
	(64, 'Nerea Mora Arias', 'Ummmm... deliciosa', 9, '2024-11-17', 8),
	(65, 'José Luis Moran Collado', 'Impresionante', 9, '2024-02-24', 4),
	(66, 'Héctor Valencia Villar', 'Espectacular', 9, '2024-02-28', 6),
	(67, 'Víctor Manuel Villarroya ', '¡Increíble hulio!', 10, '2024-02-05', 12),
	(68, 'Ainhoa Sáez Rey', 'Riquísima', 9, '2024-09-02', 5),
	(69, 'Jesús Vidal ', 'Espectacular', 10, '2024-04-19', 19),
	(70, 'Josefa Trujillo ', 'Ummmm... deliciosa', 10, '2024-10-24', 13),
	(71, 'María Mas Benaisa', 'Rica rica', 9, '2024-01-19', 6),
	(72, 'Daniel Blasco ', 'Impresionante', 10, '2024-05-11', 22),
	(73, 'Oscar Plasencia ', 'Muy buena', 10, '2024-02-17', 7),
	(74, 'Rubén Sosa Amorós', 'Impresionante', 10, '2024-06-30', 14),
	(75, 'Lucas Hamed Bermejo', 'Espectacular', 10, '2024-10-06', 23),
	(76, 'Inés Arias Pereira', '¡Qué buena!', 9, '2024-11-20', 12),
	(77, 'Luis Miguel Domínguez Dorta', 'De lujo', 9, '2024-12-12', 13),
	(78, 'Noelia Collado Mateos', 'Muy rica', 9, '2024-10-24', 3),
	(79, 'María Concepción Iglesias Vara', 'Ummmm... deliciosa', 10, '2024-06-04', 25),
	(80, 'Miguel Antón ', 'Increible', 9, '2024-01-22', 14),
	(81, 'Lucia Redondo Rincón', 'Me encanta', 9, '2024-04-08', 13),
	(82, 'María Concepción Abdeslam Sabaté', 'Rica rica', 10, '2024-06-30', 11),
	(83, 'Jorge Ahmed Vicente', 'Rica rica', 10, '2024-04-29', 4),
	(84, 'María Teresa Pardo ', 'No me canso de comerla', 9, '2024-03-31', 20),
	(85, 'Catalina Sáez Ferreiro', 'Me encanta', 9, '2024-01-20', 3),
	(86, 'Josep Guerrero Zapico', 'Rica rica', 10, '2024-10-18', 15),
	(87, 'José María Quintero Lafuente', 'De lujo', 9, '2024-12-22', 10),
	(88, 'María Concepción Armendáriz Fuentes', 'Rica rica', 9, '2024-10-02', 10),
	(89, 'Cristina Ríos Hernández', 'Espectacular', 9, '2024-10-06', 20),
	(90, 'Montserrat Perdomo ', 'Rica rica', 10, '2024-10-26', 13),
	(91, 'Inés Mimun Tébar', 'Espectacular', 9, '2024-04-28', 25),
	(92, 'María Mercedes Hossain Cabrera', 'Increible', 10, '2024-08-09', 4),
	(93, 'Miguel Esteban Barbero', 'No me canso de comerla', 10, '2024-03-04', 23),
	(94, 'Silvia Bernal Mohand', 'Rica rica', 10, '2024-06-20', 3),
	(95, 'Sonia Hassan Cruz', 'Muy buena', 10, '2024-05-12', 1),
	(96, 'Olga Ramírez Abdelkader', 'De lujo', 9, '2024-08-09', 15),
	(97, 'Daniel Nieto Melian', 'Increible', 9, '2024-12-22', 24),
	(98, 'Aurora Herrero Velasco', '¡Increíble hulio!', 10, '2024-03-01', 16),
	(99, 'Susana Martí ', 'Ummmm... deliciosa', 9, '2024-12-15', 4),
	(100, 'Esteban Prieto ', 'De lujo', 10, '2024-12-07', 2),
	(101, 'Teresa Borras ', 'Riquísima', 10, '2024-05-11', 5),
	(102, 'Juan Elizalde Nieto', '¡Qué buena!', 10, '2024-04-14', 16),
	(103, 'Magdalena Alfaro Aguirre', 'De lujo', 9, '2024-05-01', 18),
	(104, 'Francisco Royo ', '¡Increíble hulio!', 10, '2024-10-07', 2),
	(105, 'Teresa San José Valencia', '¡Increíble hulio!', 9, '2024-03-17', 17),
	(106, 'Félix Rodrigo Salmerón', 'Me encanta', 9, '2024-09-29', 16),
	(107, 'Juana Gil ', 'Impresionante', 9, '2024-01-30', 25),
	(108, 'José Ángel Fuertes Mateos', 'Riquísima', 9, '2024-05-15', 2),
	(109, 'Ana María Abdel Lah Aznar', 'No me canso de comerla', 10, '2024-01-05', 25),
	(110, 'Teresa Roig ', 'De lujo', 10, '2024-11-30', 23),
	(111, 'Marta de la Fuente ', 'Rica rica', 9, '2024-01-30', 13),
	(112, 'María Abascal Ramos', 'No me canso de comerla', 10, '2024-06-22', 13),
	(113, 'Sergio Padilla Tejedor', 'Me encanta', 9, '2024-06-29', 3),
	(114, 'María Antonia San Martin Betancor', '¡Increíble hulio!', 9, '2024-10-24', 25),
	(115, 'José Miguel Trujillo ', 'Riquísima', 9, '2024-08-20', 3),
	(116, 'Anna Hernando Arenas', 'Espectacular', 9, '2024-10-26', 24),
	(117, 'Xavier Alquezar Pardo', 'Increible', 10, '2024-08-28', 20),
	(118, 'Manuela Cid Herrera', 'Impresionante', 10, '2024-03-01', 15),
	(119, 'Eva Puente Herrero', '¡Increíble hulio!', 9, '2024-02-04', 12),
	(120, 'Eugenio Paz Peláez', 'Muy buena', 9, '2024-03-10', 24),
	(121, 'Inmaculada Soriano Losada', 'De lujo', 9, '2024-05-14', 24),
	(122, 'Jorge Yanes Lorenzo', '¡Qué buena!', 9, '2024-03-13', 18),
	(123, 'María Josefa Mohand Santamaria', 'Impresionante', 10, '2024-03-25', 7),
	(124, 'Blanca Cruz San José', 'Rica rica', 10, '2024-07-04', 11),
	(125, 'Ismael Abdeslam Lozano', 'De lujo', 9, '2024-11-17', 5),
	(126, 'Milagros Ramírez Casado', 'Riquísima', 9, '2024-01-13', 13),
	(127, 'Isaac Sanz Tejedor', 'No me canso de comerla', 9, '2024-03-23', 19),
	(128, 'Nuria Vaquero ', 'Riquísima', 9, '2024-07-23', 10),
	(129, 'Rodrigo Mateo ', 'Muy buena', 10, '2024-12-26', 16),
	(130, 'Jonathan Prieto Rincón', '¡Qué buena!', 10, '2024-01-10', 7),
	(131, 'Susana Valero ', 'De lujo', 9, '2024-07-03', 10),
	(132, 'José Antonio Mimoun Diéguez', 'Rica rica', 10, '2024-07-15', 16),
	(133, 'Aurora Rivero Martí', 'Muy rica', 9, '2024-01-22', 20),
	(134, 'Carmen Torre Delgado', 'Muy buena', 9, '2024-07-20', 12),
	(135, 'David Ruiz Ochoa', 'Rica rica', 9, '2024-04-30', 20),
	(136, 'Ana Isabel Carmona Hamed', 'Muy rica', 9, '2024-11-18', 8),
	(137, 'Luz Rodrigo Montes', 'Espectacular', 10, '2024-06-30', 18),
	(138, 'Raúl Laarbi Morales', 'Increible', 9, '2024-11-28', 11),
	(139, 'Sonia Macho Muñiz', 'Rica rica', 9, '2024-01-13', 23),
	(140, 'Pau Armas Betancor', 'Me encanta', 10, '2024-05-06', 13),
	(141, 'Alfonso Abdel Lah ', 'Impresionante', 10, '2024-02-12', 11),
	(142, 'Francisco Javier de Andrés Al Lal', 'De lujo', 10, '2024-09-17', 10),
	(143, 'Julián Gascón Roig', 'No me canso de comerla', 9, '2024-12-29', 10),
	(144, 'Miguel Ángel Sosa ', 'Me encanta', 9, '2024-11-07', 17),
	(145, 'Jaime Afonso Arribas', 'No me canso de comerla', 10, '2024-06-02', 13),
	(146, 'Rosario Carballo Fernández', 'De lujo', 9, '2024-08-29', 10),
	(147, 'Alicia Peris Antón', '¡Increíble hulio!', 10, '2024-05-24', 18),
	(148, 'María Cristina Maldonado Abderrahaman', 'De lujo', 9, '2024-01-17', 11),
	(149, 'María Antonia Galán ', 'Increible', 9, '2024-03-01', 17),
	(150, 'Beatriz Zabalza Mateos', '¡Qué buena!', 10, '2024-04-20', 25),
	(151, 'María Isabel Ojeda Gil', 'No me canso de comerla', 10, '2024-08-26', 21),
	(152, 'Vanesa Lozano Romera', 'No me canso de comerla', 9, '2024-12-27', 25),
	(153, 'Ramon Gracia Aguirre', 'Riquísima', 10, '2024-07-19', 11),
	(154, 'Carla Franco Echeverria', 'Increible', 10, '2024-11-06', 9),
	(155, 'José Manuel Sole Martin', 'Impresionante', 10, '2024-05-13', 6),
	(156, 'Alfonso Rodrigo Marrero', '¡Qué buena!', 9, '2024-05-04', 1),
	(157, 'Rosario Araujo Arias', 'Impresionante', 9, '2024-10-20', 22),
	(158, 'Josefa Romero ', 'Muy buena', 9, '2024-01-25', 21),
	(159, 'Lorena Montoya ', 'Espectacular', 10, '2024-03-22', 8),
	(160, 'Tomas Jiménez ', '¡Increíble hulio!', 10, '2024-11-16', 1),
	(161, 'Lorena Padilla ', 'Muy buena', 10, '2024-06-23', 19),
	(162, 'Olga Mira Valero', '¡Qué buena!', 9, '2024-07-11', 9),
	(163, 'Jordi Pascual Santamaria', '¡Increíble hulio!', 10, '2024-05-10', 24),
	(164, 'María Mar Velasco Esparza', 'Ummmm... deliciosa', 10, '2024-07-30', 23),
	(165, 'Francisca Novoa ', 'Ummmm... deliciosa', 9, '2024-06-15', 3),
	(166, 'Darío Ahmed Román', 'Riquísima', 9, '2024-07-11', 12),
	(167, 'María Josefa Parra Zabalza', 'De lujo', 10, '2024-02-04', 24),
	(168, 'Mónica Cuervo Crespo', 'Espectacular', 9, '2024-10-31', 18),
	(169, 'Darío Borras ', 'No me canso de comerla', 10, '2024-05-06', 6),
	(170, 'Clara Escudero Bernabéu', 'Rica rica', 9, '2024-10-11', 8),
	(171, 'María Nieves Rovira ', 'Increible', 9, '2024-03-02', 22),
	(172, 'Jordi Rivas Ferrer', 'De lujo', 9, '2024-02-16', 21),
	(173, 'Héctor Diaz Dris', 'Impresionante', 10, '2024-10-26', 17),
	(174, 'Miriam Azcona ', 'Riquísima', 10, '2024-07-12', 7),
	(175, 'Sergio Angulo Cabrera', 'Muy buena', 9, '2024-08-05', 9),
	(176, 'Marta Bermejo ', '¡Qué buena!', 10, '2024-01-15', 14),
	(177, 'Alfredo Jiménez ', 'Rica rica', 9, '2024-12-06', 2),
	(178, 'María Josefa Polo Angulo', 'Me encanta', 9, '2024-05-28', 1),
	(179, 'Alfredo Lahoz Gago', 'De lujo', 9, '2024-08-08', 21),
	(180, 'Pau Cabrera Laarbi', 'Impresionante', 9, '2024-06-26', 8),
	(181, 'Valeria Antuña Cuervo', '¡Qué buena!', 10, '2024-11-09', 19),
	(182, 'José Antonio Redondo ', 'Espectacular', 10, '2024-09-19', 11),
	(183, 'Adrián Pastor ', 'Ummmm... deliciosa', 10, '2024-04-22', 1),
	(184, 'Ismael Abselam Muñiz', 'No me canso de comerla', 9, '2024-09-14', 3),
	(185, 'María Cristina Losada Lahoz', 'Espectacular', 9, '2024-04-26', 3),
	(186, 'Félix Royo Gracia', 'Ummmm... deliciosa', 9, '2024-03-04', 4),
	(187, 'Julia Roig Vicente', 'De lujo', 9, '2024-07-28', 21),
	(188, 'Lourdes Pérez Amador', 'De lujo', 10, '2024-09-10', 18),
	(189, 'Josefa Lahsen Arribas', '¡Increíble hulio!', 10, '2024-11-24', 17),
	(190, 'Natalia Falcon ', 'Impresionante', 10, '2024-11-25', 14),
	(191, 'Sonia Mateos Fuentes', 'De lujo', 10, '2024-04-18', 21),
	(192, 'Beatriz Laarbi ', 'Rica rica', 9, '2024-02-21', 21),
	(193, 'Raúl Melian ', 'Espectacular', 9, '2024-01-28', 6),
	(194, 'Diego Paz Tébar', 'Impresionante', 10, '2024-04-20', 10),
	(195, 'Diego Roig ', 'Riquísima', 10, '2024-07-13', 23),
	(196, 'Montserrat Marcos Rubio', 'Impresionante', 10, '2024-10-27', 23),
	(197, 'Darío Arguelles Ochoa', '¡Increíble hulio!', 10, '2024-05-09', 11),
	(198, 'Teresa López Guerrero', 'Espectacular', 9, '2024-03-10', 17),
	(199, 'Rosario Duran Romero', 'Espectacular', 10, '2024-09-22', 24),
	(200, 'Rosa María Ahmed Azcona', 'Riquísima', 9, '2024-07-04', 18),
	(201, 'Ismael Gil Pinedo', 'No me canso de comerla', 9, '2024-08-05', 25),
	(202, 'Rafael Tomas Vázquez', 'Rica rica', 10, '2024-06-15', 13),
	(203, 'Arturo Tejedor Barbero', 'Espectacular', 10, '2024-12-16', 16),
	(204, 'Sandra Pazos Perdomo', '¡Increíble hulio!', 9, '2024-10-09', 10),
	(205, 'Gregorio Sancho Maanan', 'No me canso de comerla', 10, '2024-05-07', 16),
	(206, 'Martin Miralles Hossain', 'Impresionante', 10, '2024-06-15', 14),
	(207, 'Alexander Rincón Lahoz', 'Increible', 9, '2024-05-05', 19),
	(208, 'Albert Dorta Herrera', '¡Qué buena!', 10, '2024-12-12', 3),
	(209, 'José Carlos Gonzalo Sosa', 'Impresionante', 10, '2024-10-17', 15),
	(210, 'Marta Redondo Padrón', 'Muy buena', 9, '2024-07-21', 20),
	(211, 'María Josefa Rial Antolín', 'Riquísima', 10, '2024-02-02', 2),
	(212, 'Joan Moya Goñi', 'Ummmm... deliciosa', 10, '2024-10-10', 14),
	(213, 'María Aguado Moran', 'Espectacular', 9, '2024-08-14', 6),
	(214, 'Joaquín Fuentes Blanco', 'Riquísima', 10, '2024-03-27', 13),
	(215, 'Mercedes Benítez Pardo', 'Rica rica', 10, '2024-03-25', 21),
	(216, 'Francisco Javier Sánchez Mesa', 'Espectacular', 9, '2024-05-05', 21),
	(217, 'Mario Abad ', 'No me canso de comerla', 10, '2024-02-16', 5),
	(218, 'Ignacio Costas Uriarte', 'De lujo', 9, '2024-09-16', 21),
	(219, 'María Nieves Borras Sanz', 'Muy rica', 9, '2024-05-04', 7),
	(220, 'Iván Gallego Padilla', 'Me encanta', 10, '2024-04-16', 18),
	(221, 'Javier Lahsen Mimon', 'Rica rica', 10, '2024-06-07', 5),
	(222, 'Ramon Ortiz de Zarate León', 'Muy rica', 10, '2024-10-13', 14),
	(223, 'Olga Vila Tébar', 'Increible', 9, '2024-10-30', 13),
	(224, 'Jordi Haddu ', 'Me encanta', 10, '2024-12-16', 19),
	(225, 'Juana de la Cruz Duran', 'Muy buena', 10, '2024-09-09', 18),
	(226, 'María Isabel Giménez Antolín', 'Ummmm... deliciosa', 9, '2024-02-28', 1),
	(227, 'María Carmen Haddu Hamed', 'Muy rica', 9, '2024-12-02', 7),
	(228, 'Alba Mira Miranda', '¡Qué buena!', 10, '2024-11-04', 10),
	(229, 'Francisco Javier Martí ', 'Me encanta', 10, '2024-12-26', 15),
	(230, 'Marta Sabaté de Pablos', 'Increible', 9, '2024-03-05', 7),
	(231, 'José Miguel Herrera Diez', 'Impresionante', 10, '2024-06-16', 12),
	(232, 'Asunción Bernabéu Santana', '¡Qué buena!', 9, '2024-01-08', 15),
	(233, 'Aurora Diaz Moya', 'Increible', 9, '2024-12-30', 4),
	(234, 'Marcos Prada Ramírez', 'Me encanta', 10, '2024-06-13', 17),
	(235, 'Mar Montoya Blázquez', 'No me canso de comerla', 10, '2024-11-28', 25),
	(236, 'Marco Manzano ', 'Espectacular', 10, '2024-11-13', 20),
	(237, 'Aurora Ochoa Otero', 'No me canso de comerla', 9, '2024-03-16', 8),
	(238, 'Miguel Uriarte Ruiz', 'Ummmm... deliciosa', 10, '2024-11-03', 20),
	(239, 'Ignacio Bernabéu Pereira', 'Rica rica', 9, '2024-11-07', 12),
	(240, 'María Soledad Sánchez Goñi', 'No me canso de comerla', 10, '2024-07-06', 2),
	(241, 'Julio Menéndez ', 'Espectacular', 10, '2024-01-08', 16),
	(242, 'Carla Villarroya ', 'Muy buena', 10, '2024-10-20', 7),
	(243, 'Lucas Tahiri Segura', '¡Qué buena!', 10, '2024-05-02', 3),
	(244, 'Daniel Roca Sancho', 'Ummmm... deliciosa', 9, '2024-09-12', 9),
	(245, 'Adrián Luis Morales', 'Ummmm... deliciosa', 9, '2024-03-22', 8),
	(246, 'María Dolores Flores Echeverria', 'Espectacular', 10, '2024-04-30', 16),
	(247, 'Ana Belén Peláez ', 'Riquísima', 10, '2024-02-07', 22),
	(248, 'Christian Duran Mohamed', 'Me encanta', 10, '2024-04-01', 14),
	(249, 'Lucas Marín Ferrer', 'Ummmm... deliciosa', 10, '2024-06-07', 2),
	(250, 'Valentina Redondo de Frutos', 'Muy rica', 9, '2024-03-09', 5),
	(251, 'German Lahsen ', 'Bueeeenooooo', 7, '2024-04-09', 4),
	(252, 'Emilio Moreno Abdel Lah', 'Bueeeenooooo', 7, '2024-03-26', 11),
	(253, 'José María Afonso ', 'Buena', 8, '2024-09-09', 5),
	(254, 'Esperanza Roca Quintana', 'Bastante buena', 8, '2024-06-23', 9),
	(255, 'Jaime Maanan Esteban', 'Bastante buena', 8, '2024-03-19', 23),
	(256, 'Magdalena Romera ', 'Bastante buena', 7, '2024-11-28', 19),
	(257, 'María Jesús Macho ', 'Me supo mejor la otra vez', 7, '2024-01-15', 25),
	(258, 'Nerea Granda Echevarría', 'Bastante buena', 7, '2024-12-02', 4),
	(259, 'Samuel Granda Sancho', 'Bueeeenooooo', 7, '2024-05-19', 22),
	(260, 'Magdalena Ferrero Laarbi', 'Bastante buena', 7, '2024-02-29', 24),
	(261, 'Montserrat Mateos ', 'No está mal', 7, '2024-05-12', 13),
	(262, 'Pau Goñi Barros', 'No estaba nada mal', 8, '2024-01-15', 4),
	(263, 'Patricia Casado ', 'Bueeeenooooo', 8, '2024-09-01', 24),
	(264, 'Sara Amorós Guillen', 'Me supo mejor la otra vez', 8, '2024-07-04', 2),
	(265, 'Rubén Arguelles Mustafa', 'Bastante buena', 7, '2024-06-22', 2),
	(266, 'Adrián Salazar Dorta', 'Me supo mejor la otra vez', 7, '2024-04-10', 10),
	(267, 'Andrea Medina ', 'Me supo mejor la otra vez', 8, '2024-01-29', 5),
	(268, 'Clara Arranz Falcon', 'No está mal', 8, '2024-09-18', 5),
	(269, 'Raúl Fernández Diego', 'No estaba nada mal', 8, '2024-05-15', 8),
	(270, 'María Jesús Alfaro Izquierdo', 'Buena', 7, '2024-05-14', 4),
	(271, 'Esther Villegas Carrera', 'Bastante buena', 7, '2024-08-25', 8),
	(272, 'Virginia Rivas ', 'Bueeeenooooo', 8, '2024-10-21', 1),
	(273, 'Mario Pastor Vargas', 'Bastante buena', 7, '2024-08-28', 15),
	(274, 'Marta Alemán Abascal', 'Bastante buena', 8, '2024-07-26', 22),
	(275, 'Emilia Cuesta de Miguel', 'No estaba nada mal', 8, '2024-12-28', 9),
	(276, 'Ana Mora Perdomo', 'Bastante buena', 7, '2024-08-23', 15),
	(277, 'Cristina Ahmed Roca', 'Un gran acierto', 8, '2024-06-26', 4),
	(278, 'Lidia Rubio ', 'Bastante buena', 8, '2024-02-22', 5),
	(279, 'Alba Verdú Guillen', 'Bueeeenooooo', 7, '2024-07-13', 7),
	(280, 'Félix Aznar Maanan', 'Buena', 7, '2024-08-09', 8),
	(281, 'Ainhoa Moran ', 'Buena', 7, '2024-09-05', 4),
	(282, 'Cristóbal Sanchis ', 'Un gran acierto', 7, '2024-12-01', 13),
	(283, 'Rafael Vaquero ', 'Me supo mejor la otra vez', 7, '2024-05-03', 12),
	(284, 'Hugo Córcoles Vargas', 'Bastante buena', 8, '2024-01-12', 11),
	(285, 'Vicente Diéguez Rico', 'Bueeeenooooo', 8, '2024-01-21', 17),
	(286, 'Lorena Medina Mohamed', 'Bastante buena', 7, '2024-11-18', 21),
	(287, 'German Ferre Diéguez', 'Me supo mejor la otra vez', 8, '2024-01-04', 21),
	(288, 'Alberto Álvarez Vega', 'Buena', 8, '2024-12-12', 15),
	(289, 'María José Duran Alemán', 'Me supo mejor la otra vez', 7, '2024-12-23', 16),
	(290, 'Vanesa Carrera Dris', 'No está mal', 8, '2024-07-21', 12),
	(291, 'Nieves Arguelles Sierra', 'No está mal', 7, '2024-11-12', 2),
	(292, 'Miguel Ángel Torre Lago', 'Buena', 8, '2024-08-23', 11),
	(293, 'María Mercedes Diéguez ', 'No está mal', 7, '2024-11-13', 19),
	(294, 'Víctor Velasco ', 'Bastante buena', 8, '2024-08-19', 24),
	(295, 'Joan Arranz Cebrián', 'Buena', 8, '2024-02-17', 17),
	(296, 'Rosa Santiago Merino', 'Un gran acierto', 8, '2024-07-08', 6),
	(297, 'Sofia Cid Laarbi', 'Bueeeenooooo', 7, '2024-05-13', 24),
	(298, 'Adrián Royo Vidal', 'Bueeeenooooo', 8, '2024-03-18', 7),
	(299, 'Diana López Haddu', 'Un gran acierto', 7, '2024-08-01', 9),
	(300, 'Daniela Benaisa ', 'No está mal', 7, '2024-02-16', 3),
	(301, 'Mar Mimon Bermejo', 'No está mal', 7, '2024-05-23', 7),
	(302, 'Amparo Sole Piñeiro', 'Me supo mejor la otra vez', 7, '2024-06-14', 16),
	(303, 'Eric Oses ', 'No está mal', 7, '2024-12-19', 24),
	(304, 'Roció Betancor Bilbao', 'No estaba nada mal', 8, '2024-01-18', 9),
	(305, 'Roció Izquierdo Valdés', 'No está mal', 8, '2024-05-19', 19),
	(306, 'Mercedes Menéndez Muñoz', 'Un gran acierto', 8, '2024-09-17', 6),
	(307, 'Eva Luis Abselam', 'Me supo mejor la otra vez', 8, '2024-03-15', 15),
	(308, 'Marina Muñiz Abdel Lah', 'No está mal', 8, '2024-12-03', 4),
	(309, 'José Macho Chairi', 'Bastante buena', 8, '2024-07-22', 1),
	(310, 'José Francisco Echeverria Abdelkader', 'Un gran acierto', 8, '2024-03-24', 5),
	(311, 'Marta Abselam Salgado', 'No estaba nada mal', 8, '2024-09-22', 25),
	(312, 'Rubén San Martin ', 'Bueeeenooooo', 8, '2024-09-15', 25),
	(313, 'Nieves Alfaro Barbero', 'No está mal', 8, '2024-06-24', 3),
	(314, 'Sebastián Aguirre Echevarría', 'Buena', 7, '2024-04-06', 11),
	(315, 'Joaquín Mas Herrero', 'No está mal', 7, '2024-03-24', 24),
	(316, 'Luz Delgado ', 'Un gran acierto', 7, '2024-06-18', 24),
	(317, 'Catalina Castro ', 'Buena', 7, '2024-08-15', 1),
	(318, 'Adrián Al Lal Cabrera', 'Bastante buena', 8, '2024-10-06', 7),
	(319, 'Andrés Marcos ', 'Bueeeenooooo', 8, '2024-05-30', 10),
	(320, 'Josefa Quintero ', 'No estaba nada mal', 8, '2024-03-14', 9),
	(321, 'Mónica Rivas ', 'Me supo mejor la otra vez', 7, '2024-07-11', 3),
	(322, 'María Nieves Estévez ', 'Bueeeenooooo', 7, '2024-01-21', 16),
	(323, 'Luisa Angulo ', 'No estaba nada mal', 8, '2024-07-24', 17),
	(324, 'Borja Escribano Flores', 'No estaba nada mal', 8, '2024-11-25', 6),
	(325, 'Emilia Pérez Moran', 'No estaba nada mal', 7, '2024-08-13', 23),
	(326, 'María Mercedes Giménez Acosta', 'Bueeeenooooo', 8, '2024-07-25', 13),
	(327, 'Diana Montes Picazo', 'Bastante buena', 8, '2024-04-21', 14),
	(328, 'Iván Melian ', 'Buena', 7, '2024-12-06', 20),
	(329, 'José Carlos Guerra Santana', 'No está mal', 7, '2024-06-05', 11),
	(330, 'Nicolas Fuertes Bernabéu', 'Me supo mejor la otra vez', 8, '2024-07-11', 9),
	(331, 'Concepción Manzano Morcillo', 'No está mal', 7, '2024-08-31', 8),
	(332, 'Alicia Gallego ', 'Me supo mejor la otra vez', 8, '2024-02-24', 17),
	(333, 'Consuelo Esparza Yanes', 'Bueeeenooooo', 7, '2024-12-20', 20),
	(334, 'Vanesa Fernández Prada', 'No está mal', 8, '2024-10-07', 18),
	(335, 'Alexandra Marcos ', 'Un gran acierto', 7, '2024-08-05', 11),
	(336, 'Noelia Antón San José', 'No está mal', 8, '2024-03-02', 8),
	(337, 'Gabriel Cuesta Peris', 'Buena', 8, '2024-01-12', 15),
	(338, 'Laura Tahiri ', 'Me supo mejor la otra vez', 8, '2024-02-14', 13),
	(339, 'Luz Bernal San Emeterio', 'No estaba nada mal', 8, '2024-02-20', 4),
	(340, 'José Ignacio Haddu Al Lal', 'No está mal', 7, '2024-07-24', 17),
	(341, 'Ángeles Menéndez Abdeselam', 'Un gran acierto', 8, '2024-11-03', 6),
	(342, 'Francisca Pereira Maldonado', 'Buena', 8, '2024-01-29', 5),
	(343, 'Jaime Medina Hidalgo', 'Bueeeenooooo', 8, '2024-01-11', 22),
	(344, 'Lucia Gracia ', 'No está mal', 7, '2024-05-27', 25),
	(345, 'Encarnación Lozano Escudero', 'No está mal', 7, '2024-05-21', 3),
	(346, 'Mar Abderrahaman ', 'Me supo mejor la otra vez', 7, '2024-08-02', 24),
	(347, 'Susana Rincón Castro', 'No estaba nada mal', 7, '2024-04-26', 16),
	(348, 'María Rosa Pazos Cano', 'No está mal', 8, '2024-05-09', 19),
	(349, 'Marco Mateos Villar', 'Me supo mejor la otra vez', 8, '2024-10-06', 2),
	(350, 'Josefa Sanz Arenas', 'Me supo mejor la otra vez', 8, '2024-05-30', 24),
	(351, 'Diana Hossain ', 'Bastante buena', 7, '2024-04-16', 12),
	(352, 'Emilia Yanes San José', 'Bueeeenooooo', 8, '2024-07-04', 15),
	(353, 'Rosa Macho Quintana', 'Bastante buena', 7, '2024-07-01', 20),
	(354, 'Francisco José Velasco Arce', 'Un gran acierto', 7, '2024-05-20', 2),
	(355, 'Aurora Ferrer Hamed', 'Buena', 7, '2024-05-20', 20),
	(356, 'Víctor Manuel Esteban Marín', 'Bastante buena', 8, '2024-05-12', 25),
	(357, 'Consuelo Abad Vaquero', 'Bueeeenooooo', 7, '2024-12-13', 17),
	(358, 'María Cristina Brito ', 'No estaba nada mal', 8, '2024-05-08', 1),
	(359, 'Belén Alquezar ', 'Un gran acierto', 7, '2024-03-27', 16),
	(360, 'Julián Menéndez Reyes', 'No estaba nada mal', 8, '2024-02-06', 18),
	(361, 'Alicia Vicente Borras', 'Bueeeenooooo', 7, '2024-12-24', 10),
	(362, 'María Soledad Ferre ', 'Bastante buena', 7, '2024-10-28', 13),
	(363, 'Eric Padilla ', 'Bueeeenooooo', 8, '2024-03-06', 17),
	(364, 'Blanca Acosta Peris', 'Un gran acierto', 7, '2024-03-24', 6),
	(365, 'María Elena Manzano Arribas', 'No estaba nada mal', 8, '2024-02-13', 24),
	(366, 'Belén Sanchis Mohamedi', 'Bastante buena', 8, '2024-02-19', 7),
	(367, 'Hugo Barreiro Álvarez', 'Me supo mejor la otra vez', 8, '2024-04-09', 22),
	(368, 'Esperanza Rubio Ballesteros', 'Bastante buena', 8, '2024-05-26', 12),
	(369, 'Carmen Delgado ', 'Me supo mejor la otra vez', 7, '2024-10-23', 15),
	(370, 'Inmaculada Prada Zapico', 'Bueeeenooooo', 8, '2024-04-25', 23),
	(371, 'Eva María Alí Carballo', 'Bueeeenooooo', 7, '2024-08-19', 3),
	(372, 'Lorenzo Borras Domenech', 'Buena', 8, '2024-03-09', 18),
	(373, 'Ainhoa Plasencia Al Lal', 'Bastante buena', 8, '2024-07-21', 14),
	(374, 'Pedro Calderón Perdomo', 'No estaba nada mal', 7, '2024-05-24', 1),
	(375, 'Iván Salazar Gascón', 'Me supo mejor la otra vez', 8, '2024-09-03', 24),
	(376, 'Lorenzo Soriano Aguado', 'Un gran acierto', 7, '2024-02-09', 4),
	(377, 'Mario Navarro Otero', 'No estaba nada mal', 8, '2024-12-26', 2),
	(378, 'Eduardo Carballo Soto', 'Me supo mejor la otra vez', 8, '2024-06-26', 3),
	(379, 'Isabel Araujo Lago', 'No estaba nada mal', 8, '2024-12-08', 21),
	(380, 'Carla Ramírez Escribano', 'No está mal', 8, '2024-03-24', 8),
	(381, 'Anna Gonzalo Cruz', 'No está mal', 7, '2024-03-02', 11),
	(382, 'Juan Francisco Borras Arranz', 'Buena', 8, '2024-01-24', 13),
	(383, 'José Miguel Merino Sola', 'Un gran acierto', 7, '2024-07-28', 17),
	(384, 'Nerea Mohamed ', 'Buena', 8, '2024-01-30', 2),
	(385, 'Rosa María Ortiz Brito', 'Buena', 8, '2024-02-02', 2),
	(386, 'Ana María Ceballos Román', 'No estaba nada mal', 7, '2024-06-09', 18),
	(387, 'Lorenzo Ojeda Alarcón', 'Me supo mejor la otra vez', 7, '2024-04-21', 14),
	(388, 'María Josefa Tahiri Medina', 'No está mal', 7, '2024-03-23', 15),
	(389, 'Nerea Diego López', 'Me supo mejor la otra vez', 8, '2024-10-28', 13),
	(390, 'Aaron Amador Amar', 'Bueeeenooooo', 7, '2024-05-18', 20),
	(391, 'José Antonio Heredia Herrero', 'Buena', 7, '2024-10-03', 1),
	(392, 'Alexander Quintana Ortiz de Zarate', 'Un gran acierto', 8, '2024-02-09', 15),
	(393, 'Blanca Sánchez ', 'No está mal', 7, '2024-08-23', 17),
	(394, 'Albert Maldonado Salgado', 'Bueeeenooooo', 8, '2024-08-15', 24),
	(395, 'Martin Angulo Antón', 'No está mal', 8, '2024-09-04', 1),
	(396, 'Esteban Hassan ', 'Me supo mejor la otra vez', 7, '2024-07-26', 21),
	(397, 'Felipe Rovira Blanco', 'No estaba nada mal', 7, '2024-08-29', 6),
	(398, 'María Castillo Muñoz', 'Bueeeenooooo', 8, '2024-07-04', 4),
	(399, 'Iván Rovira ', 'No está mal', 7, '2024-12-12', 21),
	(400, 'Sofia Echevarría ', 'Buena', 7, '2024-07-30', 25),
	(401, 'Milagros Blázquez Armas', 'Me supo mejor la otra vez', 8, '2024-07-01', 1),
	(402, 'Hugo Vila Navarro', 'Me supo mejor la otra vez', 7, '2024-03-10', 22),
	(403, 'Andrea Trujillo Franco', 'Me supo mejor la otra vez', 7, '2024-02-28', 23),
	(404, 'Asunción Esparza ', 'No está mal', 8, '2024-04-12', 4),
	(405, 'Isaac Mohand Gago', 'Bastante buena', 7, '2024-11-13', 20),
	(406, 'María Dolores Llorente ', 'No está mal', 8, '2024-09-20', 18),
	(407, 'María Dolores Heredia Arias', 'Bueeeenooooo', 7, '2024-06-05', 21),
	(408, 'Miguel Rivero Otero', 'Me supo mejor la otra vez', 7, '2024-02-22', 21),
	(409, 'Carmen Piñeiro Arenas', 'Bueeeenooooo', 8, '2024-05-06', 5),
	(410, 'José Antonio Moro Rivero', 'Buena', 7, '2024-01-26', 17),
	(411, 'Inés Hidalgo Herrera', 'No estaba nada mal', 8, '2024-10-19', 21),
	(412, 'Nieves Santamaria Alí', 'No está mal', 8, '2024-01-29', 7),
	(413, 'Lidia Puente ', 'No está mal', 8, '2024-03-02', 3),
	(414, 'Luis Verdú ', 'Bastante buena', 7, '2024-12-13', 10),
	(415, 'Inmaculada Mimun Aguirre', 'Buena', 8, '2024-12-27', 14),
	(416, 'Diego Peña Salazar', 'No estaba nada mal', 7, '2024-06-25', 7),
	(417, 'Ignacio Rodenas Córcoles', 'No estaba nada mal', 7, '2024-06-17', 13),
	(418, 'Martina Costas Lavín', 'Bueeeenooooo', 7, '2024-08-16', 13),
	(419, 'Rubén Araujo Parra', 'Bastante buena', 8, '2024-06-22', 2),
	(420, 'Carolina Muñiz Casado', 'Buena', 7, '2024-05-25', 12),
	(421, 'Francisco José Quintero Gimeno', 'No está mal', 8, '2024-08-16', 20),
	(422, 'Cesar Armendáriz Espinosa', 'Buena', 8, '2024-09-21', 16),
	(423, 'María Pilar Mateos Gascón', 'Bastante buena', 8, '2024-04-07', 24),
	(424, 'María Elena Molina ', 'Me supo mejor la otra vez', 7, '2024-11-24', 24),
	(425, 'Domingo Herrera ', 'Buena', 8, '2024-10-19', 7),
	(426, 'María Elena Hassan Silva', 'No estaba nada mal', 8, '2024-02-05', 8),
	(427, 'María Luisa Casal Amador', '', 7, '2024-01-04', 7),
	(428, 'Andrea Mohamed ', 'Buena', 8, '2024-08-22', 25),
	(429, 'María Mar Hassan Zabalza', 'Un gran acierto', 8, '2024-03-09', 2),
	(430, 'Susana Barbero ', 'No estaba nada mal', 7, '2024-09-09', 16),
	(431, 'María Dolores Montero Vila', 'Me supo mejor la otra vez', 8, '2024-12-03', 20),
	(432, 'María Antonia Castillo Marco', 'Bueeeenooooo', 7, '2024-04-11', 14),
	(433, 'Ignacio Ferre Muñiz', 'No está mal', 8, '2024-04-19', 4),
	(434, 'Raquel Pardo ', 'Buena', 8, '2024-05-12', 14),
	(435, 'Eric Granda Tejedor', 'Buena', 8, '2024-10-11', 7),
	(436, 'Eva María de Pablos ', 'No está mal', 7, '2024-03-07', 3),
	(437, 'Víctor Mimon Vila', 'No estaba nada mal', 8, '2024-07-02', 4),
	(438, 'Rafael Abselam Abdeselam', 'Bastante buena', 7, '2024-11-04', 1),
	(439, 'Lorenzo Saiz Rincón', 'Bueeeenooooo', 8, '2024-07-26', 17),
	(440, 'Dolores Escribano Sosa', 'No está mal', 8, '2024-09-12', 25),
	(441, 'Andrea San Emeterio Muñiz', 'No estaba nada mal', 7, '2024-08-02', 17),
	(442, 'Joaquín Román Rubio', 'Bueeeenooooo', 8, '2024-10-11', 23),
	(443, 'María Jesús Moreno Hassan', 'Un gran acierto', 7, '2024-02-17', 14),
	(444, 'María Victoria Ortiz San José', 'Bastante buena', 8, '2024-09-10', 3),
	(445, 'Eric Ojeda ', 'Me supo mejor la otra vez', 7, '2024-08-26', 21),
	(446, 'Marcos Sierra Rial', 'Bastante buena', 7, '2024-02-03', 14),
	(447, 'José Ángel Nieto Vaquero', 'No estaba nada mal', 7, '2024-12-08', 20),
	(448, 'Ana Belén Vicente Casado', 'No estaba nada mal', 8, '2024-02-22', 21),
	(449, 'Yolanda Castillo ', 'Un gran acierto', 8, '2024-05-24', 24),
	(450, 'María Nieves Sancho Domínguez', 'No está mal', 8, '2024-08-11', 9),
	(451, 'Virginia Peláez ', 'Bueeeenooooo', 8, '2024-05-09', 4),
	(452, 'Roberto Lozano Lozano', 'No está mal', 7, '2024-04-10', 1),
	(453, 'Cesar Acosta Sabaté', 'Bastante buena', 7, '2024-03-09', 11),
	(454, 'Lucas Cacho Benito', 'Buena', 7, '2024-01-29', 9),
	(455, 'Diana Alí Diaz', 'Buena', 8, '2024-06-19', 24),
	(456, 'María Dolores Córcoles Zabala', 'No está mal', 8, '2024-11-29', 9),
	(457, 'Joaquín Franco Torres', 'Un gran acierto', 8, '2024-11-17', 7),
	(458, 'Magdalena Aznar Pereira', 'Bueeeenooooo', 7, '2024-05-17', 15),
	(459, 'Javier Zabalza Mohamedi', 'Un gran acierto', 7, '2024-10-12', 6),
	(460, 'María Luisa de Miguel Mohamed', 'Me supo mejor la otra vez', 7, '2024-04-28', 8),
	(461, 'Margarita Velasco ', 'Buena', 8, '2024-06-24', 7),
	(462, 'Carmen Trujillo de Andrés', 'Buena', 8, '2024-07-17', 13),
	(463, 'Raúl Giménez Sierra', 'Bueeeenooooo', 7, '2024-04-24', 13),
	(464, 'Eduardo Hidalgo Blázquez', 'No estaba nada mal', 7, '2024-11-22', 25),
	(465, 'Sergio Arias Cacho', 'Bastante buena', 8, '2024-05-17', 7),
	(466, 'Alfonso Santiago Serrano', 'Bueeeenooooo', 7, '2024-03-03', 13),
	(467, 'María Concepción Puente ', 'Bueeeenooooo', 8, '2024-01-15', 23),
	(468, 'María José Moro Huarte', '', 8, '2024-09-08', 15),
	(469, 'Isabel Medina Méndez', 'Bueeeenooooo', 7, '2024-02-15', 6),
	(470, 'Francisco José Mas Echevarría', 'No estaba nada mal', 7, '2024-05-03', 16),
	(471, 'María Josefa Blázquez Domingo', 'Me supo mejor la otra vez', 8, '2024-12-16', 9),
	(472, 'María Josefa Sánchez Quintero', 'No está mal', 8, '2024-04-02', 4),
	(473, 'Manuela Sabaté ', 'Me supo mejor la otra vez', 7, '2024-05-23', 25),
	(474, 'Marcos Chairi Fraile', 'Bastante buena', 8, '2024-07-12', 25),
	(475, 'German Gómez ', 'Me supo mejor la otra vez', 7, '2024-10-30', 8),
	(476, 'María Rosario Sosa Marco', 'Bueeeenooooo', 7, '2024-03-09', 3),
	(477, 'Francisca Rial Gimeno', 'Un gran acierto', 8, '2024-06-17', 18),
	(478, 'Ana Isabel Vara ', 'No estaba nada mal', 7, '2024-11-18', 4),
	(479, 'Vanesa Rubio Castro', 'Buena', 8, '2024-09-03', 5),
	(480, 'María Elena Piñeiro Cuenca', 'Buena', 7, '2024-11-20', 7),
	(481, 'Rubén Plasencia Arenas', '', 8, '2024-05-24', 16),
	(482, 'Vanesa Hevia Vidal', 'Bastante buena', 8, '2024-06-13', 17),
	(483, 'Samuel Romera Acosta', 'Bueeeenooooo', 7, '2024-03-03', 6),
	(484, 'Roció Diego Chaib', 'Buena', 8, '2024-08-17', 18),
	(485, 'Lorenzo Abdel Lah Vicente', 'Bueeeenooooo', 8, '2024-01-11', 2),
	(486, 'Teresa Granda ', 'Bueeeenooooo', 8, '2024-07-24', 25),
	(487, 'Enrique Mira García', 'Bueeeenooooo', 8, '2024-02-18', 12),
	(488, 'Patricia Ochoa Ferre', 'Bastante buena', 7, '2024-07-04', 7),
	(489, 'Oscar Sancho Hassan', 'Me supo mejor la otra vez', 7, '2024-07-28', 18),
	(490, 'Laura Bermejo ', 'Me supo mejor la otra vez', 8, '2024-06-01', 10),
	(491, 'Marco Crespo Antón', 'Bueeeenooooo', 7, '2024-06-29', 1),
	(492, 'Irene Zapico ', 'Bastante buena', 7, '2024-02-29', 25),
	(493, 'María Josefa Fraile Rial', 'Bastante buena', 7, '2024-10-27', 8),
	(494, 'María Rosa Quintero Santamaria', 'Bueeeenooooo', 8, '2024-12-29', 12),
	(495, 'Mariano Aguirre Vega', 'Un gran acierto', 7, '2024-07-09', 22),
	(496, 'Juana Ferre Navarro', 'Un gran acierto', 7, '2024-09-25', 2),
	(497, 'Iker Heredia Rubio', 'Bastante buena', 7, '2024-10-08', 23),
	(498, 'David Alí Carrera', 'Buena', 7, '2024-01-14', 7),
	(499, 'Natalia Fuentes ', 'Me supo mejor la otra vez', 7, '2024-08-07', 10),
	(500, 'María de Andrés Casal', 'Me supo mejor la otra vez', 7, '2024-05-18', 10),
	(501, 'Cristóbal Ahmed Armendáriz', '¡Bah! nada del otro mundo', 6, '2024-02-28', 20),
	(502, 'Aurora Hernández Galán', 'Regular', 6, '2024-02-10', 15),
	(503, 'María Dolores Lafuente ', 'Se dejaba comer', 6, '2024-11-08', 4),
	(504, 'Mar Hernández Zapico', 'Regular', 6, '2024-12-25', 2),
	(505, 'Begoña Fernández Herranz', 'Regular', 6, '2024-10-23', 12),
	(506, 'Elena Pérez Azcona', 'Se dejaba comer', 6, '2024-11-23', 5),
	(507, 'Valeria Bilbao Román', 'Sí... buena', 6, '2024-10-08', 8),
	(508, 'Soledad Revuelta el Founti', 'Un poco seca', 6, '2024-04-20', 22),
	(509, 'María Cristina Carmona Hidalgo', 'Mejorable', 5, '2024-11-27', 17),
	(510, 'Héctor Heredia Lavín', 'Se dejaba comer', 5, '2024-06-28', 5),
	(511, 'Ignacio Guerrero ', 'Sí... buena', 6, '2024-06-21', 4),
	(512, 'Antonia Andrés Mohamedi', '', 5, '2024-11-21', 7),
	(513, 'Lourdes León ', 'Sí... buena', 6, '2024-06-13', 13),
	(514, 'Carlos Ojeda ', 'Sí... buena', 6, '2024-11-05', 17),
	(515, 'Paula de Miguel ', 'Se dejaba comer', 5, '2024-10-08', 11),
	(516, 'Cristina Mimun Amar', 'Ni fu ni fa', 5, '2024-01-20', 6),
	(517, 'Darío Trujillo ', 'Sí... buena', 5, '2024-10-09', 2),
	(518, 'Arturo Antolín Lozano', '¡Bah! nada del otro mundo', 5, '2024-02-05', 18),
	(519, 'Santiago Arias Echevarría', 'Normalita tirando a seca', 5, '2024-02-18', 16),
	(520, 'Anna Costas Iglesias', 'Mejorable', 5, '2024-11-02', 18),
	(521, 'Belén de Pablos ', 'Un poco seca', 5, '2024-04-20', 14),
	(522, 'Noelia Tébar Gago', 'Se dejaba comer', 5, '2024-03-08', 8),
	(523, 'Marina Mimon Puente', 'Sí... buena', 6, '2024-11-28', 23),
	(524, 'Andrea Hernández Quintas', 'Mejorable', 6, '2024-07-27', 18),
	(525, 'Soledad Moreno Miguel', 'Mejorable', 6, '2024-07-03', 22),
	(526, 'Iván León Rubio', 'Un poco seca', 6, '2024-12-03', 18),
	(527, 'Nuria Prada Pazos', 'Mejorable', 6, '2024-06-13', 2),
	(528, 'Felipe Arce Ochoa', 'Sí... buena', 6, '2024-01-24', 21),
	(529, 'Lorena Saiz Ferre', 'Normalita tirando a seca', 6, '2024-05-17', 14),
	(530, 'Alba Román Rodrigo', 'Regular', 6, '2024-06-20', 9),
	(531, 'María Ángeles Mas Córcoles', 'Ni fu ni fa', 5, '2024-12-04', 10),
	(532, 'Begoña Esparza Cabrera', 'Un poco seca', 6, '2024-02-18', 1),
	(533, 'Carmen Vila Herrero', 'Se dejaba comer', 5, '2024-08-12', 16),
	(534, 'Alejandra Salazar Haddu', 'Ni fu ni fa', 6, '2024-03-13', 12),
	(535, 'José María Benito Martin', 'Normalita tirando a seca', 6, '2024-01-01', 2),
	(536, 'María Dolores Blanco Salazar', 'Se dejaba comer', 5, '2024-03-19', 15),
	(537, 'Ismael Echevarría Menéndez', 'Sí... buena', 6, '2024-08-16', 11),
	(538, 'Marc Abdel Lah ', 'Se dejaba comer', 5, '2024-09-07', 2),
	(539, 'Rodrigo León Arribas', 'Un poco seca', 6, '2024-05-06', 3),
	(540, 'Marina Pardo ', '¡Bah! nada del otro mundo', 5, '2024-02-05', 12),
	(541, 'María Cristina Ceballos Comesaña', 'Regular', 6, '2024-09-10', 8),
	(542, 'Salvador Sánchez Aznar', '', 5, '2024-08-24', 25),
	(543, 'Xavier Abdel Lah Bilbao', 'Se dejaba comer', 5, '2024-02-20', 16),
	(544, 'Diana Montoya Expósito', 'Normalita tirando a seca', 5, '2024-12-15', 2),
	(545, 'Joaquín Villegas Delgado', 'Ni fu ni fa', 6, '2024-01-22', 20),
	(546, 'Nerea Ballesteros Vara', 'Un poco seca', 6, '2024-06-01', 6),
	(547, 'Catalina Casado Mustafa', '', 5, '2024-08-04', 15),
	(548, 'José Antonio Torre Amar', 'Mejorable', 6, '2024-07-10', 20),
	(549, 'Christian Gimeno ', 'Se dejaba comer', 5, '2024-05-24', 21),
	(550, 'Rubén Diez ', '¡Bah! nada del otro mundo', 5, '2024-01-28', 10),
	(551, 'Verónica Benaisa ', '¡Bah! nada del otro mundo', 6, '2024-12-09', 4),
	(552, 'Magdalena Diéguez Quintana', 'Un poco seca', 5, '2024-05-29', 20),
	(553, 'Miguel Ángel Lorenzo ', '¡Bah! nada del otro mundo', 5, '2024-01-24', 20),
	(554, 'Mario Nieto Vicente', '¡Bah! nada del otro mundo', 5, '2024-02-01', 25),
	(555, 'Juana Perdomo Fuertes', '¡Bah! nada del otro mundo', 6, '2024-12-21', 16),
	(556, 'María Mar Rial Haddu', 'Sí... buena', 5, '2024-01-22', 5),
	(557, 'Sonia Marín Soria', 'Un poco seca', 5, '2024-10-22', 21),
	(558, 'Antonia Guillen ', 'Regular', 5, '2024-10-23', 13),
	(559, 'Arturo Hamed Blasco', 'Se dejaba comer', 6, '2024-02-03', 16),
	(560, 'Margarita Calero Rey', 'Normalita tirando a seca', 5, '2024-06-11', 4),
	(561, 'Eugenia Calero Ortiz de Zarate', 'Se dejaba comer', 6, '2024-01-08', 8),
	(562, 'Victoria Núñez Santamaria', 'Se dejaba comer', 5, '2024-12-10', 21),
	(563, 'Verónica Bernal ', '¡Bah! nada del otro mundo', 6, '2024-03-12', 8),
	(564, 'Asunción Abdeselam Quintero', 'Un poco seca', 5, '2024-02-01', 7),
	(565, 'Juan Manuel Maldonado González', 'Mejorable', 5, '2024-03-06', 24),
	(566, 'Nuria Casanova Dris', '', 5, '2024-01-22', 14),
	(567, 'José Carlos Sabaté Fuertes', 'Regular', 6, '2024-12-07', 19),
	(568, 'Concepción Zabala Maanan', '¡Bah! nada del otro mundo', 6, '2024-08-14', 12),
	(569, 'Alba Araujo Mustafa', 'Un poco seca', 6, '2024-12-08', 14),
	(570, 'María Rosa Hernández Giménez', 'Mejorable', 6, '2024-11-21', 6),
	(571, 'Josefa Miralles de la Cruz', 'Se dejaba comer', 5, '2024-01-23', 7),
	(572, 'Sonia Ochoa de Pablos', 'Se dejaba comer', 5, '2024-12-19', 7),
	(573, 'Joel Otero Maldonado', '¡Bah! nada del otro mundo', 6, '2024-05-10', 23),
	(574, 'Alexander Abdelkader ', 'Ni fu ni fa', 5, '2024-03-08', 4),
	(575, 'Aitor Dorta Aguilar', 'Regular', 5, '2024-10-13', 6),
	(576, 'Ignacio Sainz Saiz', 'Sí... buena', 6, '2024-10-23', 19),
	(577, 'Isaac Escribano Soria', 'Normalita tirando a seca', 6, '2024-06-21', 8),
	(578, 'Ángeles Abdel Lah Velasco', 'Ni fu ni fa', 6, '2024-12-13', 8),
	(579, 'Enrique Chairi Quintas', 'Mejorable', 6, '2024-01-18', 20),
	(580, 'Lucas Lafuente ', '¡Bah! nada del otro mundo', 5, '2024-01-04', 19),
	(581, 'Mónica Velasco ', '¡Bah! nada del otro mundo', 5, '2024-10-11', 17),
	(582, 'Cristina Peláez Cuervo', 'Ni fu ni fa', 5, '2024-04-12', 3),
	(583, 'Álvaro Bermejo Escribano', 'Sí... buena', 6, '2024-02-22', 21),
	(584, 'Gonzalo San José ', '', 6, '2024-12-19', 6),
	(585, 'Joel Piñeiro ', '', 6, '2024-03-28', 10),
	(586, 'Montserrat Ferrero Ortiz', '', 6, '2024-05-31', 12),
	(587, 'Esteban Ruiz Goñi', 'Normalita tirando a seca', 5, '2024-05-02', 25),
	(588, 'Diego Silva ', 'Regular', 6, '2024-07-07', 5),
	(589, 'Lorena Rivas Herrero', 'Normalita tirando a seca', 6, '2024-11-22', 3),
	(590, 'Elisa Torre Salgado', 'Sí... buena', 6, '2024-11-23', 10),
	(591, 'Sandra Collado de la Fuente', '', 5, '2024-09-10', 1),
	(592, 'Hugo Amador ', 'Sí... buena', 6, '2024-02-12', 18),
	(593, 'Francisco Javier Miranda Córcoles', '', 5, '2024-03-29', 9),
	(594, 'Sofia Guerrero ', '', 5, '2024-05-03', 19),
	(595, 'Alexandra Salazar ', 'Normalita tirando a seca', 6, '2024-01-04', 6),
	(596, 'Blanca Brito Picazo', 'Normalita tirando a seca', 6, '2024-08-11', 16),
	(597, 'Alicia Santana ', 'Ni fu ni fa', 5, '2024-01-15', 13),
	(598, 'Adrián Armendáriz Piñeiro', 'Mejorable', 6, '2024-12-21', 2),
	(599, 'Jonathan Oses ', 'Normalita tirando a seca', 6, '2024-11-28', 24),
	(600, 'Ana Belén Crespo Mohamed', 'Se dejaba comer', 6, '2024-12-25', 21),
	(601, 'Daniel Nieto ', 'Normalita tirando a seca', 5, '2024-04-15', 1),
	(602, 'Yolanda Abdeslam ', 'Se dejaba comer', 5, '2024-05-31', 11),
	(603, 'Jordi Ortega ', 'Mejorable', 5, '2024-05-17', 13),
	(604, 'Albert Haddu Serrano', 'Regular', 5, '2024-07-07', 23),
	(605, 'Lorena Carballo Hossain', '', 5, '2024-05-23', 10),
	(606, 'Tomas Valencia Blasco', '¡Bah! nada del otro mundo', 5, '2024-12-27', 16),
	(607, 'Lucas Cano Parra', '', 6, '2024-04-30', 4),
	(608, 'Margarita Núñez ', 'Mejorable', 6, '2024-05-03', 23),
	(609, 'Julio Ceballos Arce', 'Regular', 6, '2024-03-09', 24),
	(610, 'Vanesa Luis Peláez', 'Regular', 6, '2024-09-06', 13),
	(611, 'Víctor Manuel Vargas ', 'Sí... buena', 5, '2024-09-01', 12),
	(612, 'David Rojo Paz', 'Regular', 5, '2024-11-24', 8),
	(613, 'Guillermo Quintana ', 'Un poco seca', 6, '2024-12-05', 15),
	(614, 'Diana Abad Márquez', 'Se dejaba comer', 6, '2024-11-11', 5),
	(615, 'Lorena Andrés Ferreira', 'Ni fu ni fa', 6, '2024-08-23', 16),
	(616, 'Miguel Ángel Mimun Delgado', '', 6, '2024-06-01', 14),
	(617, 'María Carmen Peris Quintero', 'Mejorable', 6, '2024-01-11', 1),
	(618, 'José Manuel Gimeno ', '', 6, '2024-02-19', 9),
	(619, 'Ramon Izquierdo Villar', '', 5, '2024-10-07', 23),
	(620, 'Jesús Miguel Amar', 'Normalita tirando a seca', 6, '2024-09-08', 11),
	(621, 'Jesús Rovira Paz', 'Ni fu ni fa', 6, '2024-05-15', 6),
	(622, 'Mónica Etxebarria ', 'Normalita tirando a seca', 5, '2024-05-20', 17),
	(623, 'Darío Mateos Fuentes', 'Regular', 6, '2024-04-01', 6),
	(624, 'David Ruiz Arias', 'Normalita tirando a seca', 5, '2024-01-29', 19),
	(625, 'Ricardo Alarcón ', 'Sí... buena', 6, '2024-10-25', 24),
	(626, 'Marc García Santiago', '', 6, '2024-01-12', 16),
	(627, 'Alberto Blázquez ', 'Mejorable', 6, '2024-04-11', 19),
	(628, 'Manuela Cano Vaquero', 'Mejorable', 5, '2024-04-19', 1),
	(629, 'Vicente Melian Deniz', '¡Bah! nada del otro mundo', 5, '2024-03-24', 25),
	(630, 'Enrique Ferreira Herranz', 'Normalita tirando a seca', 6, '2024-06-14', 9),
	(631, 'Alex Guillen ', 'Mejorable', 5, '2024-03-31', 4),
	(632, 'Clara Rico Zabalza', '¡Bah! nada del otro mundo', 6, '2024-10-06', 19),
	(633, 'Marc de Pablos ', 'Sí... buena', 5, '2024-10-10', 9),
	(634, 'Luis Mateos Amar', 'Se dejaba comer', 6, '2024-02-15', 4),
	(635, 'José Cruz Casanova', 'Mejorable', 6, '2024-05-06', 20),
	(636, 'Salvador Valero Andrés', 'Regular', 5, '2024-06-05', 17),
	(637, 'Pedro Lafuente Mimoun', 'Un poco seca', 6, '2024-09-09', 9),
	(638, 'Cristina Antuña Quintero', 'Se dejaba comer', 5, '2024-03-11', 4),
	(639, 'Fátima Estévez Etxebarria', '¡Bah! nada del otro mundo', 5, '2024-12-28', 15),
	(640, 'Domingo Chaib Menéndez', 'Mejorable', 6, '2024-02-02', 11),
	(641, 'Olga Pinedo Sola', 'Un poco seca', 6, '2024-03-18', 5),
	(642, 'Rubén López Moya', '¡Bah! nada del otro mundo', 6, '2024-09-11', 18),
	(643, 'Julio Carmona Salmerón', '¡Bah! nada del otro mundo', 5, '2024-04-26', 8),
	(644, 'Joaquín Cano Sole', 'Regular', 6, '2024-02-01', 23),
	(645, 'Fátima Mohamedi Benito', 'Un poco seca', 6, '2024-07-16', 7),
	(646, 'Celia Ortiz León', 'Ni fu ni fa', 6, '2024-01-03', 13),
	(647, 'Tomas Puente Prada', '', 6, '2024-07-05', 6),
	(648, 'Antonio Esparza Duran', 'Sí... buena', 5, '2024-04-23', 12),
	(649, 'Julia Revuelta Ferrer', '', 5, '2024-07-14', 18),
	(650, 'Beatriz Abascal ', 'Se dejaba comer', 6, '2024-06-26', 23),
	(651, 'Sofia Espinosa Peña', '', 5, '2024-04-11', 18),
	(652, 'Tomas Román Sánchez', '', 6, '2024-07-01', 17),
	(653, 'Ismael Velasco López', 'Ni fu ni fa', 6, '2024-11-13', 19),
	(654, 'María Cristina Echeverria Flores', '¡Bah! nada del otro mundo', 6, '2024-07-02', 14),
	(655, 'Gonzalo Al Lal Abdel Lah', 'Mejorable', 6, '2024-04-20', 19),
	(656, 'Oscar Santiago ', 'Un poco seca', 5, '2024-10-31', 11),
	(657, 'Anna Pastor ', '¡Bah! nada del otro mundo', 5, '2024-06-21', 11),
	(658, 'Lourdes Ferreira ', 'Ni fu ni fa', 5, '2024-03-25', 17),
	(659, 'María Soledad Rubio Deniz', '¡Bah! nada del otro mundo', 6, '2024-06-21', 15),
	(660, 'José Luis Sanchis Espinosa', '', 5, '2024-11-04', 14),
	(661, 'María Soledad Diéguez Redondo', 'Mejorable', 6, '2024-01-18', 4),
	(662, 'Dolores Blázquez ', 'Ni fu ni fa', 5, '2024-03-01', 21),
	(663, 'María Teresa Kaddur ', '¡Bah! nada del otro mundo', 6, '2024-03-24', 16),
	(664, 'Eugenio Macho Marco', '¡Bah! nada del otro mundo', 5, '2024-03-29', 2),
	(665, 'María Josefa Sanchis ', 'Se dejaba comer', 6, '2024-06-02', 25),
	(666, 'Jonathan Haddu ', 'Ni fu ni fa', 6, '2024-12-03', 10),
	(667, 'Sofia Ferreiro Villar', 'Sí... buena', 6, '2024-01-29', 9),
	(668, 'María Mercedes Jiménez Arribas', 'Mejorable', 6, '2024-02-15', 20),
	(669, 'Angela Sainz Diéguez', 'Regular', 5, '2024-08-21', 10),
	(670, 'Lorena Abdeslam Tahiri', 'Ni fu ni fa', 6, '2024-10-31', 22),
	(671, 'Juan Manuel Carmona Salazar', 'Sí... buena', 5, '2024-02-18', 5),
	(672, 'Adrián Jiménez Barreiro', '', 5, '2024-07-18', 9),
	(673, 'María Miranda ', 'Sí... buena', 6, '2024-06-15', 19),
	(674, 'Luisa Medina ', 'Se dejaba comer', 6, '2024-06-23', 12),
	(675, 'Juan Francisco Vidal Revuelta', 'Un poco seca', 6, '2024-01-07', 10),
	(676, 'María Soledad Hevia Echeverria', 'Mejorable', 6, '2024-03-11', 4),
	(677, 'Victoria Bermejo ', 'Mejorable', 5, '2024-08-26', 24),
	(678, 'Fátima Torres ', 'Un poco seca', 6, '2024-11-25', 4),
	(679, 'Cristina Pérez Betancor', 'Regular', 5, '2024-12-16', 14),
	(680, 'Catalina Ferre Gonzalo', 'Mejorable', 5, '2024-08-09', 10),
	(681, 'Albert Cruz Cebrián', 'Normalita tirando a seca', 6, '2024-02-04', 11),
	(682, 'Marta Pardo ', 'Normalita tirando a seca', 6, '2024-05-11', 21),
	(683, 'Yolanda Peña ', '', 5, '2024-10-31', 14),
	(684, 'Diego Rojas Losada', '¡Bah! nada del otro mundo', 6, '2024-01-29', 15),
	(685, 'Ana Isabel Granda Ferrer', 'Sí... buena', 6, '2024-06-22', 18),
	(686, 'José Ignacio Mira ', '¡Bah! nada del otro mundo', 6, '2024-01-05', 21),
	(687, 'Josep Marrero Casado', '¡Bah! nada del otro mundo', 5, '2024-08-17', 2),
	(688, 'Natalia Amorós Miguel', 'Se dejaba comer', 6, '2024-08-01', 2),
	(689, 'Inmaculada Amar ', '¡Bah! nada del otro mundo', 6, '2024-05-02', 13),
	(690, 'Jordi Montero Giménez', 'Regular', 6, '2024-10-05', 4),
	(691, 'José Luis Haddu Alí', 'Se dejaba comer', 5, '2024-01-21', 7),
	(692, 'Susana Abad ', '', 5, '2024-08-10', 1),
	(693, 'Eva Falcon Carrera', 'Regular', 5, '2024-08-08', 18),
	(694, 'Francisco José Mustafa Reyes', 'Se dejaba comer', 5, '2024-10-14', 23),
	(695, 'María Pilar Vara Molina', 'Se dejaba comer', 5, '2024-03-08', 5),
	(696, 'Lorena Royo Arce', 'Mejorable', 6, '2024-02-22', 17),
	(697, 'Juan Manuel Nieto Santos', '¡Bah! nada del otro mundo', 6, '2024-04-20', 11),
	(698, 'Rubén Ortiz de Zarate Crespo', 'Regular', 6, '2024-11-17', 3),
	(699, 'Juan Francisco Ibáñez Gascón', 'Regular', 6, '2024-12-06', 16),
	(700, 'Sandra Laarbi Mateos', '¡Bah! nada del otro mundo', 5, '2024-07-03', 6),
	(701, 'Soledad Jiménez Calero', '', 5, '2024-11-11', 24),
	(702, 'Nerea Losada Gil', 'Regular', 5, '2024-01-14', 5),
	(703, 'Alfonso Gallego Gil', 'Regular', 6, '2024-02-12', 23),
	(704, 'José Antonio Verdú Ibáñez', 'Normalita tirando a seca', 5, '2024-03-06', 11),
	(705, 'Angela Gago Soriano', 'Un poco seca', 6, '2024-02-14', 5),
	(706, 'Esperanza Cruz ', 'Regular', 6, '2024-02-28', 10),
	(707, 'Oscar Vega ', 'Regular', 6, '2024-01-09', 16),
	(708, 'Miriam Villar Casanova', 'Se dejaba comer', 5, '2024-01-14', 10),
	(709, 'Ana Belén Villar Gil', 'Regular', 5, '2024-02-13', 4),
	(710, 'Roberto Abad Valdés', 'Mejorable', 6, '2024-12-09', 18),
	(711, 'Lucas Diaz Arce', 'Normalita tirando a seca', 6, '2024-06-12', 17),
	(712, 'Aitor Heredia Rey', 'Mejorable', 5, '2024-06-23', 3),
	(713, 'Alexander Hidalgo Amar', '¡Bah! nada del otro mundo', 6, '2024-12-04', 12),
	(714, 'Dolores Moreno Arribas', 'Regular', 5, '2024-09-24', 21),
	(715, 'Sergio Gómez ', 'Normalita tirando a seca', 5, '2024-05-02', 5),
	(716, 'Ricardo Rubio Lorenzo', '', 5, '2024-03-08', 25),
	(717, 'Alex Núñez Echevarría', 'Se dejaba comer', 5, '2024-07-26', 8),
	(718, 'María Rosario Lago Esteban', 'Se dejaba comer', 5, '2024-02-14', 25),
	(719, 'Isaac Redondo ', 'Mejorable', 6, '2024-09-05', 21),
	(720, 'Jesús Méndez ', 'Se dejaba comer', 6, '2024-10-20', 10),
	(721, 'Ana Arce Fuertes', '¡Bah! nada del otro mundo', 6, '2024-07-25', 3),
	(722, 'Juan Antonio Villarroya Tejedor', 'Se dejaba comer', 6, '2024-06-12', 1),
	(723, 'José Luis Mora Blázquez', '¡Bah! nada del otro mundo', 5, '2024-03-18', 25),
	(724, 'Consuelo San José ', 'Sí... buena', 6, '2024-12-13', 4),
	(725, 'Teresa Gómez ', 'Normalita tirando a seca', 5, '2024-06-13', 24),
	(726, 'Gregorio Hassan Villar', '¡Bah! nada del otro mundo', 6, '2024-12-06', 15),
	(727, 'María Ángeles Chaib Lafuente', 'Sí... buena', 6, '2024-07-15', 1),
	(728, 'Jorge Borras ', 'Un poco seca', 5, '2024-09-26', 22),
	(729, 'María Soledad Amador Mimun', 'Mejorable', 5, '2024-08-13', 6),
	(730, 'Eugenia Benito ', 'Sí... buena', 6, '2024-09-03', 23),
	(731, 'Lucia Villegas Navarro', '', 6, '2024-01-10', 19),
	(732, 'María Victoria Verdú Al Lal', 'Se dejaba comer', 6, '2024-12-13', 16),
	(733, 'María Fernández Bilbao', 'Normalita tirando a seca', 6, '2024-07-02', 16),
	(734, 'Héctor Rico ', 'Normalita tirando a seca', 5, '2024-02-25', 20),
	(735, 'Valentina Rivero Domenech', 'Un poco seca', 6, '2024-10-16', 8),
	(736, 'Consuelo Cid Hidalgo', 'Regular', 5, '2024-09-08', 18),
	(737, 'Guillermo Macho Gago', 'Sí... buena', 6, '2024-05-31', 2),
	(738, 'Joaquín Uriarte Maanan', 'Normalita tirando a seca', 6, '2024-04-12', 18),
	(739, 'Roberto Vidal ', 'Regular', 5, '2024-01-12', 12),
	(740, 'Ricardo Santamaria Valencia', '¡Bah! nada del otro mundo', 6, '2024-07-16', 9),
	(741, 'Jesús Arribas Sáenz', 'Regular', 5, '2024-11-09', 11),
	(742, 'María Rosa Castro Arenas', 'Ni fu ni fa', 6, '2024-11-25', 16),
	(743, 'Nicolas Domínguez Lago', 'Sí... buena', 5, '2024-12-02', 13),
	(744, 'Julio de Frutos Miralles', 'Regular', 5, '2024-08-31', 2),
	(745, 'Patricia de la Cruz Arenas', '¡Bah! nada del otro mundo', 5, '2024-08-24', 2),
	(746, 'Susana Hassan Ruiz', 'Mejorable', 6, '2024-02-17', 8),
	(747, 'Alba Alemán Plasencia', 'Mejorable', 5, '2024-04-12', 4),
	(748, 'Fernando Alí López', 'Regular', 6, '2024-06-04', 22),
	(749, 'Alfredo Zapico ', 'Mejorable', 5, '2024-05-19', 25),
	(750, 'Miguel Ángel Moran Domingo', '¡Bah! nada del otro mundo', 5, '2024-11-14', 20),
	(751, 'Juan Antonio Crespo Salgado', 'Malísima', 1, '2024-11-26', 16),
	(752, 'Ana Gago Ferrero', 'Malísima', 1, '2024-09-28', 5),
	(753, 'Marco Méndez Macho', 'No la volveré a comer', 4, '2024-10-15', 18),
	(754, 'Juan Navarro Ferrer', 'No sabía bien', 1, '2024-01-06', 13),
	(755, 'Mercedes Uriarte Nieto', 'Malísima', 0, '2024-01-13', 25),
	(756, 'Luisa Santamaria Carrera', '', 1, '2024-09-12', 8),
	(757, 'Inmaculada Tejedor Delgado', 'No sabía bien', 0, '2024-01-19', 19),
	(758, 'José Prieto ', 'No me ha convencido', 1, '2024-04-01', 1),
	(759, 'Andrés Rincón ', 'No sabía bien', 0, '2024-07-27', 13),
	(760, 'María Teresa Arenas Tejedor', 'No sabía bien', 4, '2024-02-24', 7),
	(761, 'Patricia Navarro Sola', 'No me ha gustado nada', 0, '2024-03-07', 22),
	(762, 'María Rosario Calero ', 'No me ha gustado nada', 0, '2024-11-08', 25),
	(763, 'German Deniz ', 'No me ha gustado nada', 0, '2024-04-15', 14),
	(764, 'María Mar Roig Cacho', 'No sabía bien', 0, '2024-02-05', 18),
	(765, 'Ismael San Martin Soriano', 'No me ha convencido', 4, '2024-10-03', 11),
	(766, 'Ismael Manzano Kaddur', '', 4, '2024-09-21', 2),
	(767, 'Milagros Montero Chairi', 'No me ha gustado nada', 3, '2024-08-07', 20),
	(768, 'Milagros Pascual Sabaté', 'No me ha convencido', 4, '2024-06-01', 19),
	(769, 'Mateo Salgado Torres', 'Malísima', 3, '2024-05-06', 3),
	(770, 'Esther Rey Peña', 'Bastante mala', 3, '2024-12-26', 7),
	(771, 'Aitor Calero Mimoun', 'No me ha convencido', 0, '2024-03-27', 9),
	(772, 'Eva María Trujillo Lafuente', 'No me ha convencido', 3, '2024-11-02', 5),
	(773, 'Susana Ramos Peláez', 'Bastante mala', 1, '2024-06-20', 25),
	(774, 'Sandra Ibáñez ', 'No estaba buena', 3, '2024-02-11', 12),
	(775, 'Paula Quintana Chaib', 'Bastante mala', 4, '2024-08-14', 17),
	(776, 'Manuel Soler ', 'No me ha convencido', 2, '2024-05-02', 21),
	(777, 'Luz Quintana ', 'No me ha gustado nada', 3, '2024-06-21', 22),
	(778, 'Ramon Salmerón Segura', 'No sabía bien', 0, '2024-10-21', 12),
	(779, 'Gabriel Fuertes Rivero', 'No la volveré a comer', 1, '2024-01-03', 23),
	(780, 'Víctor Vidal Estévez', 'Malísima', 1, '2024-06-13', 22),
	(781, 'Luz Abdeslam Santana', '', 0, '2024-03-03', 11),
	(782, 'Ainhoa Alí ', 'No estaba buena', 2, '2024-08-20', 18),
	(783, 'Oscar Esteban Peris', '', 1, '2024-06-21', 14),
	(784, 'Juan Francisco Fraile ', 'Bastante mala', 3, '2024-03-16', 15),
	(785, 'Diana Rojo ', 'No la volveré a comer', 4, '2024-09-20', 2),
	(786, 'Roberto Abascal Castillo', 'No me ha convencido', 2, '2024-04-09', 3),
	(787, 'María Moro Guerrero', 'No la volveré a comer', 4, '2024-07-23', 18),
	(788, 'Josefa Sanchis Giménez', 'Malísima', 3, '2024-06-07', 21),
	(789, 'Inés Silva ', 'Bastante mala', 0, '2024-06-19', 25),
	(790, 'Carolina Lago ', 'Malísima', 2, '2024-07-13', 6),
	(791, 'Eva Gracia Saiz', 'No me ha convencido', 3, '2024-10-10', 25),
	(792, 'Marina Cuenca Mohamedi', '', 4, '2024-01-17', 1),
	(793, 'Consuelo Sabaté ', 'No estaba buena', 1, '2024-02-07', 22),
	(794, 'Francisca Gonzalo Merino', 'No estaba buena', 3, '2024-07-10', 20),
	(795, 'Ana Belén Gascón Vega', 'No la volveré a comer', 2, '2024-07-06', 13),
	(796, 'Paula Ibáñez ', 'No estaba buena', 0, '2024-09-14', 11),
	(797, 'Nerea Royo Rincón', 'No me ha convencido', 0, '2024-06-01', 4),
	(798, 'Isaac Andrés Ibáñez', 'No sabía bien', 3, '2024-09-07', 1),
	(799, 'José Francisco Mira Puente', '', 2, '2024-12-01', 10),
	(800, 'Ana Belén Sola Alemán', 'No estaba buena', 1, '2024-05-24', 13),
	(801, 'Alexander Cebrián Ramírez', '', 2, '2024-07-05', 21),
	(802, 'Julián Rivas Granda', 'No me ha gustado nada', 3, '2024-05-28', 19),
	(803, 'Yolanda Marín San José', 'No sabía bien', 2, '2024-06-26', 11),
	(804, 'Margarita Armas Huarte', 'Malísima', 3, '2024-03-11', 22),
	(805, 'María Fraile Gómez', 'No me ha convencido', 2, '2024-02-03', 14),
	(806, 'María Jesús Moreno Duran', 'Malísima', 1, '2024-12-25', 24),
	(807, 'Julio Rojas Bernabéu', '', 4, '2024-10-27', 1),
	(808, 'Francisca Lahoz ', 'No la volveré a comer', 1, '2024-12-28', 1),
	(809, 'Ainhoa Sabaté Morcillo', 'No la volveré a comer', 4, '2024-11-14', 14),
	(810, 'Valentina de Miguel ', 'No me ha convencido', 3, '2024-05-09', 15),
	(811, 'Carolina Román Angulo', 'No estaba buena', 3, '2024-02-10', 23),
	(812, 'Patricia Sabaté Rojas', 'No me ha convencido', 4, '2024-05-19', 10),
	(813, 'Sonia Echevarría Quintero', 'Malísima', 4, '2024-05-05', 18),
	(814, 'Raúl Al Lal Al Lal', 'No me ha gustado nada', 0, '2024-03-30', 12),
	(815, 'José Antonio Manzano de Miguel', '', 3, '2024-02-08', 17),
	(816, 'Juan Carlos Cruz Moreno', 'Bastante mala', 0, '2024-05-03', 19),
	(817, 'Ana María Lozano Expósito', 'Bastante mala', 2, '2024-05-20', 3),
	(818, 'Sonia Guillen Martí', 'No me ha gustado nada', 2, '2024-08-23', 16),
	(819, 'María Cristina Sainz Hernández', 'No me ha gustado nada', 3, '2024-11-15', 14),
	(820, 'Encarnación Esparza Roca', 'No estaba buena', 1, '2024-12-05', 17),
	(821, 'Josep Granda Núñez', 'No la volveré a comer', 0, '2024-07-27', 7),
	(822, 'Jaime Mora ', 'No estaba buena', 2, '2024-10-18', 16),
	(823, 'Noelia Alarcón Chairi', 'No la volveré a comer', 3, '2024-02-27', 3),
	(824, 'Luis Miguel Vila ', 'No la volveré a comer', 4, '2024-04-18', 6),
	(825, 'Rafael San José Azcona', 'No estaba buena', 2, '2024-11-20', 10),
	(826, 'Nieves Tejedor Mimon', 'No sabía bien', 1, '2024-08-02', 12),
	(827, 'Isaac Núñez Peña', 'Malísima', 2, '2024-04-24', 20),
	(828, 'Silvia Llorente Córcoles', 'Malísima', 4, '2024-08-23', 19),
	(829, 'Consuelo Aguado ', 'No la volveré a comer', 3, '2024-06-20', 19),
	(830, 'José Miguel Medina Aguado', 'Malísima', 4, '2024-06-23', 6),
	(831, 'Marco Peris ', 'No estaba buena', 1, '2024-05-11', 16),
	(832, 'Miguel Ángel Gallego Casal', 'No me ha gustado nada', 0, '2024-05-01', 11),
	(833, 'Emilio Calderón Blanco', 'No estaba buena', 4, '2024-05-25', 3),
	(834, 'Sofia Gil Diego', 'No me ha convencido', 1, '2024-09-08', 13),
	(835, 'José Arribas Cuervo', '', 1, '2024-09-27', 18),
	(836, 'Xavier Azcona Afonso', 'No me ha convencido', 2, '2024-10-13', 4),
	(837, 'Eva Mimun Maldonado', 'Malísima', 4, '2024-11-09', 25),
	(838, 'Milagros Hassan ', '', 2, '2024-05-28', 4),
	(839, 'Susana Feijoo Ferre', 'No sabía bien', 4, '2024-10-24', 12),
	(840, 'Marina Hossain Comesaña', '', 0, '2024-06-01', 10),
	(841, 'Angela Trujillo Ferrer', 'No me ha gustado nada', 2, '2024-09-24', 6),
	(842, 'María Victoria Romero Costas', 'No me ha convencido', 1, '2024-03-09', 22),
	(843, 'Eduardo Alonso Gimeno', 'No la volveré a comer', 1, '2024-12-10', 7),
	(844, 'Elena Mohand Franco', '', 3, '2024-12-19', 20),
	(845, 'José Francisco Royo Echeverria', '', 1, '2024-12-15', 11),
	(846, 'María Dolores León Mateos', '', 1, '2024-04-27', 4),
	(847, 'Víctor Benito Muñiz', 'Malísima', 0, '2024-02-07', 3),
	(848, 'Gloria Benaisa Salgado', 'Malísima', 2, '2024-04-18', 1),
	(849, 'Esperanza Alarcón Quintas', 'No sabía bien', 2, '2024-08-14', 8),
	(850, 'Cesar Ruiz Gracia', 'No sabía bien', 4, '2024-05-13', 2),
	(851, 'Esteban de la Cruz Perdomo', 'No la volveré a comer', 4, '2024-04-15', 2),
	(852, 'Esperanza Rojo Vargas', 'No me ha convencido', 3, '2024-08-07', 1),
	(853, 'María Mar de la Fuente ', 'No la volveré a comer', 4, '2024-04-18', 11),
	(854, 'Jordi Pérez Moreno', 'No me ha convencido', 1, '2024-04-19', 24),
	(855, 'Diego Esparza ', 'Bastante mala', 3, '2024-02-19', 15),
	(856, 'Alex Diéguez Torres', '', 2, '2024-01-24', 9),
	(857, 'Álvaro Salazar ', 'No estaba buena', 4, '2024-04-02', 8),
	(858, 'María Rosario Vega Alfaro', 'No me ha convencido', 0, '2024-12-04', 2),
	(859, 'Isabel Cabrera ', 'Bastante mala', 0, '2024-08-01', 12),
	(860, 'Mario Hernández Comesaña', '', 1, '2024-07-16', 22),
	(861, 'Isaac Silva Esteban', 'No sabía bien', 0, '2024-09-19', 17),
	(862, 'Martina Jiménez Mimoun', 'No me ha convencido', 1, '2024-03-28', 12),
	(863, 'Verónica Arce Piñeiro', 'Malísima', 1, '2024-09-12', 1),
	(864, 'Oscar de Andrés Mohand', 'No me ha convencido', 3, '2024-11-27', 16),
	(865, 'Raquel Cid Andrés', 'Malísima', 0, '2024-08-27', 9),
	(866, 'Olga Diéguez Diego', 'No estaba buena', 0, '2024-07-26', 17),
	(867, 'Juan José Peña Marín', 'No estaba buena', 2, '2024-12-23', 24),
	(868, 'Sofia Hernández Brito', 'No me ha convencido', 0, '2024-07-09', 12),
	(869, 'Elisa Espinosa Casal', '', 3, '2024-05-15', 5),
	(870, 'María Ferrero Sáez', 'No sabía bien', 0, '2024-10-31', 15),
	(871, 'Luis Miguel Zabalza Fraile', 'No la volveré a comer', 3, '2024-12-26', 4),
	(872, 'Margarita Mas Peris', 'No estaba buena', 0, '2024-06-14', 3),
	(873, 'Vanesa Martí Vila', 'No sabía bien', 0, '2024-07-16', 4),
	(874, 'Catalina Sainz ', 'No me ha convencido', 2, '2024-03-17', 10),
	(875, 'Juan Carlos Alemán Giménez', 'No estaba buena', 3, '2024-12-01', 14),
	(876, 'Valeria Cobo ', 'Malísima', 4, '2024-11-19', 21),
	(877, 'Lucia Soto de la Cruz', '', 4, '2024-03-30', 22),
	(878, 'Ainhoa Segura Calero', 'Bastante mala', 4, '2024-01-07', 21),
	(879, 'María Victoria Sanchis de Andrés', 'No me ha gustado nada', 4, '2024-05-01', 21),
	(880, 'Andrés Bermejo ', '', 2, '2024-06-01', 12),
	(881, 'Mar Barreiro Crespo', '', 2, '2024-07-03', 24),
	(882, 'Miriam Calvo Romero', 'Bastante mala', 3, '2024-07-15', 20),
	(883, 'Gabriel Ochoa ', '', 2, '2024-10-20', 21),
	(884, 'Santiago Marcos ', 'Bastante mala', 0, '2024-10-28', 16),
	(885, 'Sandra Macho Verdú', '', 4, '2024-01-20', 23),
	(886, 'Vicente Rodenas ', '', 3, '2024-07-03', 15),
	(887, 'Marcos Villarroya Ortiz de Zarate', 'No la volveré a comer', 0, '2024-12-02', 4),
	(888, 'Nuria Otero ', '', 1, '2024-04-05', 1),
	(889, 'Angela Vicente ', 'No sabía bien', 1, '2024-10-25', 20),
	(890, 'María Nieves Sabaté Sempere', 'No sabía bien', 1, '2024-11-04', 7),
	(891, 'Francisco de la Fuente Rojas', 'No estaba buena', 1, '2024-06-30', 7),
	(892, 'María Lázaro Arce', 'Bastante mala', 0, '2024-11-03', 6),
	(893, 'Juana Antón Alonso', 'No estaba buena', 2, '2024-02-19', 1),
	(894, 'Alexander Córcoles ', 'No me ha convencido', 3, '2024-11-13', 20),
	(895, 'María Antonia Hossain Abad', '', 4, '2024-07-27', 24),
	(896, 'Nerea Esteban Sierra', 'Bastante mala', 2, '2024-05-04', 4),
	(897, 'José Ramon Calero Jiménez', 'Bastante mala', 4, '2024-03-28', 13),
	(898, 'José Ángel Moran Sanchis', 'Malísima', 1, '2024-05-22', 6),
	(899, 'Ángeles Armas Ojeda', 'Malísima', 3, '2024-10-20', 21),
	(900, 'Darío Arribas Andrés', 'No sabía bien', 2, '2024-01-17', 10),
	(901, 'Marta Gago Vargas', 'Bastante mala', 3, '2024-09-18', 8),
	(902, 'German Merino Castillo', 'No sabía bien', 0, '2024-11-03', 4),
	(903, 'Gregorio Roig Expósito', 'No me ha convencido', 1, '2024-01-12', 7),
	(904, 'Jesús Alemán Martin', '', 3, '2024-03-19', 5),
	(905, 'Miriam Roca Armas', 'No estaba buena', 3, '2024-07-01', 25),
	(906, 'Juan Antonio Muñoz ', 'No me ha convencido', 0, '2024-12-22', 24),
	(907, 'María Carmen Moro Ahmed', '', 4, '2024-05-13', 19),
	(908, 'Magdalena Bermejo Morcillo', 'No me ha gustado nada', 4, '2024-05-09', 7),
	(909, 'Jesús Diez Hossain', 'Malísima', 0, '2024-09-10', 12),
	(910, 'Juan Francisco Dris de Pablos', 'No me ha gustado nada', 3, '2024-09-28', 1),
	(911, 'Javier Montes Fraile', 'No me ha gustado nada', 2, '2024-09-19', 16),
	(912, 'Angela García Piñeiro', '', 3, '2024-07-10', 3),
	(913, 'Héctor Hamed Abad', 'No me ha convencido', 4, '2024-05-28', 5),
	(914, 'Pau Marín Marín', 'No me ha convencido', 4, '2024-04-11', 3),
	(915, 'María Dolores Romera ', 'No estaba buena', 2, '2024-10-22', 10),
	(916, 'Cristina Barbero ', 'Bastante mala', 4, '2024-11-21', 7),
	(917, 'Lorena Redondo Calero', 'Bastante mala', 0, '2024-10-11', 8),
	(918, 'Gloria Montero López', 'Bastante mala', 2, '2024-09-29', 10),
	(919, 'Miguel Ángel Torre ', 'No la volveré a comer', 0, '2024-11-08', 20),
	(920, 'María Teresa Benítez Navarro', 'No la volveré a comer', 0, '2024-04-21', 8),
	(921, 'Joaquín Arguelles ', 'Bastante mala', 1, '2024-11-12', 12),
	(922, 'Ramon Mohamed Rojas', 'No estaba buena', 2, '2024-05-20', 7),
	(923, 'Juan José Rovira Fuertes', 'No me ha convencido', 3, '2024-12-18', 18),
	(924, 'Isabel Elizalde Arribas', 'No me ha gustado nada', 4, '2024-03-12', 16),
	(925, 'María Teresa Vargas Moran', 'No me ha gustado nada', 0, '2024-07-20', 5),
	(926, 'Ángeles Alquezar Acosta', 'Malísima', 0, '2024-06-30', 20),
	(927, 'Alberto Blázquez ', 'Bastante mala', 3, '2024-03-29', 7),
	(928, 'José Miguel Ortiz de Zarate Abselam', 'No sabía bien', 0, '2024-12-24', 23),
	(929, 'Esteban Casado Soriano', 'No estaba buena', 3, '2024-09-03', 13),
	(930, 'Paula Arias Cuervo', 'Malísima', 4, '2024-01-13', 14),
	(931, 'Juan Manuel Lago Álvarez', 'Malísima', 2, '2024-05-17', 23),
	(932, 'Marta Ortiz Vila', '', 2, '2024-06-15', 8),
	(933, 'Verónica Segura ', 'No estaba buena', 0, '2024-01-18', 12),
	(934, 'Nerea Santiago ', '', 2, '2024-06-02', 21),
	(935, 'Beatriz Abad Maldonado', 'No me ha convencido', 0, '2024-01-03', 1),
	(936, 'Alexandra Rodrigo Vaquero', 'Bastante mala', 1, '2024-10-25', 4),
	(937, 'Rosario Rovira Silva', 'No la volveré a comer', 0, '2024-11-23', 18),
	(938, 'Roció Sierra Salazar', 'No sabía bien', 3, '2024-08-31', 15),
	(939, 'Francisca Zabalza Núñez', 'Malísima', 2, '2024-02-20', 6),
	(940, 'María Antonia Comesaña Armendáriz', 'No la volveré a comer', 2, '2024-10-21', 12),
	(941, 'Salvador Casal ', 'No me ha gustado nada', 0, '2024-09-12', 19),
	(942, 'Aurora Rodenas ', '', 2, '2024-02-19', 14),
	(943, 'Jesús Rodríguez Sanchis', 'Malísima', 1, '2024-11-26', 3),
	(944, 'Sara Casado Abdelkader', 'No me ha convencido', 0, '2024-02-18', 1),
	(945, 'Martina Antón Giménez', 'Malísima', 2, '2024-07-05', 9),
	(946, 'Enrique Armendáriz Rial', '', 0, '2024-11-18', 9),
	(947, 'Roció Maanan ', 'Malísima', 2, '2024-02-28', 23),
	(948, 'Rosa María Guillen Sempere', '', 3, '2024-09-12', 7),
	(949, 'Noelia Revuelta Rojo', 'No la volveré a comer', 0, '2024-11-26', 2),
	(950, 'José Antonio Rincón Sanchis', 'No me ha convencido', 2, '2024-08-12', 8),
	(951, 'María Mora Pascual', 'No estaba buena', 0, '2024-12-07', 22),
	(952, 'Eugenia Alarcón Abdeslam', 'No sabía bien', 0, '2024-02-03', 22),
	(953, 'Luis Miguel Abselam ', 'Bastante mala', 3, '2024-06-17', 11),
	(954, 'Sofia Ibáñez ', 'No me ha convencido', 3, '2024-05-22', 6),
	(955, 'José Francisco Miranda Navarro', 'No sabía bien', 3, '2024-03-04', 15),
	(956, 'Emilio Gallego Lázaro', 'No me ha gustado nada', 4, '2024-09-27', 17),
	(957, 'Valentina Perdomo Requena', '', 4, '2024-03-08', 14),
	(958, 'Eva María Gutiérrez Tahiri', 'No sabía bien', 3, '2024-04-27', 2),
	(959, 'Alexander Cacho ', 'No me ha gustado nada', 1, '2024-02-04', 19),
	(960, 'Domingo Macho ', 'No sabía bien', 2, '2024-08-23', 1),
	(961, 'Ana Belén Iglesias de Frutos', 'No me ha gustado nada', 4, '2024-07-16', 22),
	(962, 'Francisca Gallego Collado', 'Bastante mala', 3, '2024-10-11', 1),
	(963, 'José Manuel Román Montero', 'No sabía bien', 1, '2024-11-09', 3),
	(964, 'Silvia Mimon ', 'No sabía bien', 2, '2024-09-23', 12),
	(965, 'María Victoria Diaz Sánchez', 'Bastante mala', 0, '2024-04-22', 3),
	(966, 'Adriana Hamed Garrido', 'No estaba buena', 1, '2024-11-22', 16),
	(967, 'Blanca López Esparza', 'No me ha convencido', 4, '2024-12-02', 5),
	(968, 'Silvia Gil Fuentes', 'No estaba buena', 1, '2024-03-14', 5),
	(969, 'Juan Carlos Villar Pereira', 'Bastante mala', 4, '2024-05-12', 12),
	(970, 'Silvia León Miralles', 'No estaba buena', 2, '2024-07-11', 13),
	(971, 'Dolores Sempere San José', '', 2, '2024-03-23', 15),
	(972, 'Luisa Diez ', 'No me ha gustado nada', 4, '2024-05-04', 12),
	(973, 'Begoña Román Ferrer', 'No sabía bien', 2, '2024-08-22', 17),
	(974, 'Juan José Casal Morcillo', 'No estaba buena', 2, '2024-04-26', 15),
	(975, 'Mariano Trujillo Marcos', 'Malísima', 2, '2024-04-28', 11),
	(976, 'Eugenia Gallego Cuervo', 'No me ha convencido', 1, '2024-08-01', 19),
	(977, 'Salvador Conde ', '', 2, '2024-10-29', 12),
	(978, 'José Ignacio Mimon Arribas', 'No estaba buena', 3, '2024-11-20', 22),
	(979, 'Ana Isabel Villegas Santos', 'No la volveré a comer', 0, '2024-04-26', 12),
	(980, 'Ignacio Rial Duran', '', 4, '2024-07-16', 12),
	(981, 'Xavier Fraile Blasco', 'No me ha convencido', 0, '2024-06-11', 5),
	(982, 'Adriana Rial Zabalza', 'No la volveré a comer', 2, '2024-04-06', 25),
	(983, 'Isaac Guillen Casanova', 'Bastante mala', 2, '2024-04-04', 16),
	(984, 'Sara Bernal Chairi', 'No la volveré a comer', 3, '2024-01-07', 7),
	(985, 'Concepción Paz Domenech', 'No la volveré a comer', 4, '2024-02-15', 3),
	(986, 'Cristóbal Vara Escudero', '', 2, '2024-02-06', 1),
	(987, 'Alfredo Cruz ', 'No me ha convencido', 4, '2024-01-16', 16),
	(988, 'Raúl Chairi ', 'Bastante mala', 3, '2024-11-28', 9),
	(989, 'Jaime Expósito ', 'No la volveré a comer', 1, '2024-06-25', 14),
	(990, 'Alfonso Guerrero Diego', '', 1, '2024-01-20', 3),
	(991, 'Guillermo Antolín ', 'No la volveré a comer', 3, '2024-03-28', 19),
	(992, 'Sandra Angulo Juan', 'Malísima', 0, '2024-07-26', 21),
	(993, 'Cristóbal Velasco Ballesteros', 'No me ha gustado nada', 4, '2024-12-12', 16),
	(994, 'Julio Peña Navarro', 'Malísima', 1, '2024-09-04', 11),
	(995, 'María Mercedes Gil Fernández', 'No sabía bien', 2, '2024-03-23', 8),
	(996, 'Tomas Bernal Tébar', 'No estaba buena', 3, '2024-12-21', 7),
	(997, 'Blanca Lizarraga Aparicio', 'No me ha convencido', 2, '2024-11-26', 16),
	(998, 'Oscar Hossain ', 'No estaba buena', 0, '2024-05-08', 19),
	(999, 'Isaac Garrido Luis', '', 4, '2024-09-06', 18),
	(1000, 'Félix San Martin Benito', 'No me ha gustado nada', 4, '2024-05-08', 15);

DELETE FROM hamburgueseria;
INSERT INTO hamburgueseria (id, nombre, pais_origen) VALUES 
  (1, 'Burguer King', 'EEUU'),
  (2, 'McDonald\'s', 'EEUU'),
  (3, 'TGB', 'España'),
  (4, 'Goiko Grill', 'España'),
  (5, 'Carl\'s Jr.', 'EEUU');

DELETE FROM valoracion_hamburgueseria;
INSERT INTO valoracion_hamburgueseria (posicion, valoracion, id_hamburgueseria) VALUES
  (1, 0.00, 1),
  (2, 0.00, 2),
  (3, 0.00, 3),
  (4, 0.00, 4),
  (5, 0.00, 5);
